survived,pclass,sex,age,sibsp,parch,fare,class,adult_male,alone,who_child,who_man,who_woman,embarked_C,embarked_Q,embarked_S,embark_town_Cherbourg,embark_town_Queenstown,embark_town_Southampton,deck_access_Full Access,deck_access_Limited Access,deck_access_No Access,class_description_First Class - Luxury,class_description_Second Class - Standard,class_description_Third Class - Economy,family_size,age_group_Child,age_group_Teenager,age_group_Adult,age_group_old
0,3,0,-0.5690324569816325,1,0,-0.5272048737135522,Third,True,False,False,True,False,False,False,True,False,False,True,False,False,True,False,False,True,2,False,False,False,False
1,1,1,0.6003294723265692,1,0,0.6999351202431888,First,False,False,False,False,True,True,False,False,True,False,False,True,False,False,True,False,False,2,True,False,False,False
1,3,1,-0.2766919746545821,0,0,-0.5142691122281875,Third,False,True,False,False,True,False,False,True,False,False,True,False,False,True,False,False,True,1,False,False,False,False
1,1,1,0.3810741105812813,1,0,0.3514687027367726,First,False,False,False,False,True,False,False,True,False,False,True,True,False,False,True,False,False,2,True,False,False,False
0,3,0,0.3810741105812813,0,0,-0.5118736008420088,Third,True,True,False,True,False,False,False,True,False,False,True,False,False,True,False,False,True,1,True,False,False,False
0,3,0,-0.012521477578764014,0,0,-0.504048902450195,Third,True,True,False,True,False,False,True,False,False,True,False,False,False,True,False,False,True,1,False,False,False,False
0,1,0,1.769691401634771,0,0,0.327753140013604,First,True,True,False,True,False,False,False,True,False,False,True,True,False,False,True,False,False,1,True,False,False,False
0,3,0,-2.0307348686168845,3,1,-0.2622613144021947,Third,False,False,True,False,False,False,False,True,False,False,True,False,False,True,False,False,True,5,False,False,False,False
1,3,1,-0.2036068540728195,0,2,-0.45278495878597214,Third,False,False,False,False,True,False,False,True,False,False,True,False,False,True,False,False,True,3,False,False,False,False
1,2,1,-1.1537134216357334,1,0,-0.08986498377990833,Second,False,False,True,False,False,True,False,False,True,False,False,False,True,False,False,True,False,2,False,False,False,False
1,3,1,-1.8845646274533594,1,1,-0.34610421291844706,Third,False,False,True,False,False,False,False,True,False,False,True,False,False,True,False,False,True,3,False,False,False,False
1,1,1,2.0620318839618212,0,0,-0.1573379156875703,First,False,True,False,False,True,False,False,True,False,False,True,True,False,False,True,False,False,1,True,False,False,False
0,3,0,-0.7152026981451577,0,0,-0.5118736008420088,Third,True,True,False,True,False,False,False,True,False,False,True,False,False,True,False,False,True,1,False,False,False,False
0,3,0,0.6734145929083317,1,5,-0.0667875852900178,Third,True,False,False,True,False,False,False,True,False,False,True,False,False,True,False,False,True,7,True,False,False,False
0,3,1,-1.1537134216357334,0,0,-0.5156259298773191,Third,False,True,True,False,False,False,False,True,False,False,True,False,False,True,False,False,True,1,False,False,False,False
1,2,1,1.8427765222165333,0,0,-0.35951907668104743,Second,False,True,False,False,True,False,False,True,False,False,True,False,True,False,False,True,False,1,True,False,False,False
0,3,0,-2.0307348686168845,4,1,-0.10799038113229036,Third,False,False,True,False,False,False,True,False,False,True,False,False,False,True,False,False,True,6,False,False,False,False
1,2,0,-0.012521477578764014,0,0,-0.41701134994933475,Second,True,True,False,True,False,False,False,True,False,False,True,False,True,False,False,True,False,1,False,False,False,False
0,3,1,0.08873362825423092,1,0,-0.3211908945021892,Third,False,False,False,False,True,False,False,True,False,False,True,False,False,True,False,False,True,2,True,False,False,False
1,3,1,-0.012521477578764014,0,0,-0.5276839759907879,Third,False,True,False,False,True,True,False,False,True,False,False,False,False,True,False,False,True,1,False,False,False,False
0,2,0,0.3810741105812813,0,0,-0.16787816578675632,Second,True,True,False,True,False,False,False,True,False,False,True,False,True,False,False,True,False,1,True,False,False,False
1,2,0,0.30798898999951874,0,0,-0.41701134994933475,Second,True,True,False,True,False,False,False,True,False,False,True,False,True,False,False,True,False,1,True,False,False,False
1,3,1,-1.0806283010539708,0,0,-0.512272213936669,Third,False,True,True,False,False,False,True,False,False,True,False,False,False,True,False,False,True,1,False,False,False,False
1,1,0,-0.1305217334910569,0,0,0.014180699562820224,First,True,True,False,True,False,False,False,True,False,False,True,True,False,False,True,False,False,1,False,False,False,False
0,3,1,-1.592224145126309,3,1,-0.2622613144021947,Third,False,False,True,False,False,False,False,True,False,False,True,False,False,True,False,False,True,5,False,False,False,False
1,3,1,0.6003294723265692,1,5,-0.06463162504245701,Third,False,False,False,False,True,False,False,True,False,False,True,False,False,True,False,False,True,7,True,False,False,False
0,3,0,-0.012521477578764014,0,0,-0.5276839759907879,Third,True,True,False,True,False,True,False,False,True,False,False,False,False,True,False,False,True,1,False,False,False,False
0,1,0,-0.7882878187269203,3,2,4.374011422407943,First,True,False,False,True,False,False,False,True,False,False,True,True,False,False,True,False,False,6,False,False,False,False
1,3,1,-0.012521477578764014,0,0,-0.5151468276000833,Third,False,True,False,False,True,False,True,False,False,True,False,False,False,True,False,False,True,1,False,False,False,False
0,3,0,-0.012521477578764014,0,0,-0.5148287036879988,Third,True,True,False,True,False,False,False,True,False,False,True,False,False,True,False,False,True,1,False,False,False,False
0,1,0,0.7464997134900944,0,0,-0.1349005978400667,First,True,True,False,True,False,True,False,False,True,False,False,True,False,False,True,False,False,1,True,False,False,False
1,1,1,-0.012521477578764014,1,0,2.1417934235841116,First,False,False,False,False,True,True,False,False,True,False,False,True,False,False,True,False,False,2,False,False,False,False
1,3,1,-0.012521477578764014,0,0,-0.5176228281688375,Third,False,True,False,False,True,False,True,False,False,True,False,False,False,True,False,False,True,1,False,False,False,False
0,2,0,2.646712848615922,0,0,-0.46492157767290754,Second,True,True,False,True,False,False,False,True,False,False,True,False,True,False,False,True,False,1,True,False,False,False
0,1,0,-0.1305217334910569,1,0,0.9085841619793483,First,True,False,False,True,False,True,False,False,True,False,False,True,False,False,True,False,False,2,False,False,False,False
0,1,0,0.8926699546536195,1,0,0.33038820253840057,First,True,False,False,True,False,False,False,True,False,False,True,True,False,False,True,False,False,2,True,False,False,False
1,3,0,-0.012521477578764014,0,0,-0.5276034868082123,Third,True,True,False,True,False,True,False,False,True,False,False,False,False,True,False,False,True,1,False,False,False,False
0,3,0,-0.6421175775633952,0,0,-0.5118736008420088,Third,True,True,False,True,False,False,False,True,False,False,True,False,False,True,False,False,True,1,False,False,False,False
0,3,1,-0.861372939308683,2,0,-0.3211908945021892,Third,False,False,False,False,True,False,False,True,False,False,True,False,False,True,False,False,True,3,False,False,False,False
1,3,1,-1.1537134216357334,1,0,-0.45070757131187794,Third,False,False,True,False,False,True,False,False,True,False,False,False,False,True,False,False,True,2,False,False,False,False
0,3,1,0.7464997134900944,1,0,-0.48456477103957235,Third,False,False,False,False,True,False,False,True,False,False,True,False,False,True,False,False,True,2,True,False,False,False
0,2,1,-0.2036068540728195,1,0,-0.26369862123390186,Second,False,False,False,False,True,False,False,True,False,False,True,False,True,False,False,True,False,2,False,False,False,False
0,3,0,-0.012521477578764014,0,0,-0.5148287036879988,Third,True,True,False,True,False,True,False,False,True,False,False,False,False,True,False,False,True,1,False,False,False,False
1,2,1,-1.957649748035122,1,2,0.13068304211367768,Second,False,False,True,False,False,True,False,False,True,False,False,False,True,False,False,True,False,4,False,False,False,False
1,3,1,-0.7882878187269203,0,0,-0.5151468276000833,Third,False,True,False,False,True,False,True,False,False,True,False,False,False,True,False,False,True,1,False,False,False,False
0,3,0,-0.012521477578764014,0,0,-0.5118736008420088,Third,True,True,False,True,False,False,False,True,False,False,True,False,False,True,False,False,True,1,False,False,False,False
0,3,0,-0.012521477578764014,1,0,-0.36910112222576197,Third,True,False,False,True,False,False,True,False,False,True,False,False,False,True,False,False,True,2,False,False,False,False
0,3,0,-0.012521477578764014,2,0,-0.2506823705659616,Third,True,False,False,True,False,True,False,False,True,False,False,False,False,True,False,False,True,3,False,False,False,False
0,3,1,-0.861372939308683,1,0,-0.325023712720075,Third,False,False,False,False,True,False,False,True,False,False,True,False,False,True,False,False,True,2,False,False,False,False
0,3,0,-1.6653092657080715,4,1,0.09443033099980462,Third,False,False,True,False,False,False,False,True,False,False,True,False,False,True,False,False,True,6,False,False,False,False
0,3,0,-0.6421175775633952,0,0,-0.5166646236143662,Third,True,True,False,True,False,False,False,True,False,False,True,False,False,True,False,False,True,1,False,False,False,False
1,1,1,1.4042657987259577,1,0,0.804300843907111,First,False,False,False,False,True,True,False,False,True,False,False,True,False,False,True,False,False,2,True,False,False,False
1,2,1,-0.057436612909294284,1,0,-0.16787816578675632,Second,False,False,False,False,True,False,False,True,False,False,True,False,True,False,False,True,False,2,False,False,False,False
0,1,0,2.5736277280341593,0,1,0.5216305003380315,First,True,False,False,True,False,True,False,False,True,False,False,True,False,False,True,False,False,2,True,False,False,False
1,1,0,-0.012521477578764014,0,0,0.014180699562820224,First,True,True,False,True,False,False,False,True,False,False,True,True,False,False,True,False,False,1,False,False,False,False
1,2,1,-0.6421175775633952,0,0,-0.46492157767290754,Second,False,True,False,False,True,False,False,True,False,False,True,False,True,False,False,True,False,1,False,False,False,False
0,3,0,-0.09397917320017558,0,0,-0.5276034868082123,Third,True,True,False,True,False,True,False,False,True,False,False,False,False,True,False,False,True,1,False,False,False,False
1,2,1,-1.8114795068715968,1,2,-0.13434100638025537,Second,False,False,True,False,False,False,False,True,False,False,True,False,True,False,False,True,False,4,False,False,False,False
0,3,0,-1.3729687833810211,5,2,0.23265133798231205,Third,False,False,True,False,False,False,False,True,False,False,True,False,False,True,False,False,True,8,False,False,False,False
0,3,0,-0.5690324569816325,0,0,-0.5276034868082123,Third,True,True,False,True,False,True,False,False,True,False,False,False,False,True,False,False,True,1,False,False,False,False
1,1,1,0.6003294723265692,0,0,0.8669827530424157,First,False,True,False,False,True,False,False,True,False,False,True,True,False,False,True,False,False,1,True,False,False,False
0,1,0,1.1119253163989073,1,0,0.9335779695781817,First,True,False,False,True,False,False,False,True,False,False,True,True,False,False,True,False,False,2,True,False,False,False
0,3,0,-1.8845646274533594,3,2,-0.13146639271684105,Third,False,False,True,False,False,False,False,True,False,False,True,False,False,True,False,False,True,6,False,False,False,False
0,1,0,-0.012521477578764014,0,0,-0.1349005978400667,First,True,True,False,True,False,True,False,False,True,False,False,True,False,False,True,False,False,1,False,False,False,False
1,3,0,-0.012521477578764014,1,1,-0.3739726341806949,Third,True,False,False,True,False,True,False,False,True,False,False,False,False,True,False,False,True,3,False,False,False,False
1,2,1,-0.057436612909294284,0,0,-0.46492157767290754,Second,False,True,False,False,True,False,False,True,False,False,True,False,True,False,False,True,False,1,False,False,False,False
0,3,0,-0.7882878187269203,0,0,-0.5097981297770237,Third,True,True,False,True,False,False,False,True,False,False,True,False,False,True,False,False,True,1,False,False,False,False
1,3,1,-0.9344580598904455,4,2,-0.5142691122281875,Third,False,False,False,False,True,False,False,True,False,False,True,False,False,True,False,False,True,7,False,False,False,False
0,3,0,-0.2766919746545821,2,0,-0.5001355950497335,Third,True,False,False,True,False,False,False,True,False,False,True,False,False,True,False,False,True,3,False,False,False,False
0,2,0,0.16181874883599354,0,0,-0.46492157767290754,Second,True,True,False,True,False,False,False,True,False,False,True,False,True,False,False,True,False,1,True,False,False,False
0,3,1,-1.0075431804722081,5,2,0.23265133798231205,Third,False,False,False,False,True,False,False,True,False,False,True,False,False,True,False,False,True,8,False,False,False,False
0,2,0,-0.6421175775633952,0,0,0.7424161609611264,Second,True,True,False,True,False,False,False,True,False,False,True,False,True,False,False,True,False,1,False,False,False,False
0,3,0,-0.2766919746545821,1,0,-0.38914292868708694,Third,True,False,False,True,False,True,False,False,True,False,False,False,False,True,False,False,True,2,False,False,False,False
1,3,0,0.16181874883599354,0,0,0.416546123258256,Third,True,True,False,True,False,False,False,True,False,False,True,False,False,True,False,False,True,1,True,False,False,False
0,3,0,-0.3497770952363447,0,0,-0.5195392372777805,Third,True,True,False,True,False,False,False,True,False,False,True,False,False,True,False,False,True,1,False,False,False,False
1,2,0,-2.116244459697547,0,2,-0.11038589251846899,Second,False,False,True,False,False,False,False,True,False,False,True,False,True,False,False,True,False,3,False,False,False,False
1,3,1,0.01564850767246832,0,0,-0.42707249777128503,Third,False,True,False,False,True,False,False,True,False,False,True,False,False,True,False,False,True,1,True,False,False,False
0,3,0,-0.5690324569816325,0,0,-0.4936677143070512,Third,True,True,False,True,False,False,False,True,False,False,True,False,False,True,False,False,True,1,False,False,False,False
1,3,0,-0.057436612909294284,0,0,-0.48408566876233666,Third,True,True,False,True,False,False,False,True,False,False,True,False,False,True,False,False,True,1,False,False,False,False
1,3,1,-0.012521477578764014,0,0,-0.516904174752984,Third,False,True,False,False,True,False,True,False,False,True,False,False,False,True,False,False,True,1,False,False,False,False
0,1,0,-0.1305217334910569,0,0,0.23648415620019794,First,True,True,False,True,False,False,False,True,False,False,True,True,False,False,True,False,False,1,False,False,False,False
1,2,1,-0.9344580598904455,0,0,-0.46492157767290754,Second,False,True,False,False,True,False,False,True,False,False,True,False,True,False,False,True,False,1,False,False,False,False
1,3,1,0.23490386941775612,3,0,-0.3623936903444618,Third,False,False,False,False,True,False,False,True,False,False,True,False,False,True,False,False,True,4,True,False,False,False
0,3,0,-1.0075431804722081,1,3,-0.007378902912787525,Third,True,False,False,True,False,False,False,True,False,False,True,False,False,True,False,False,True,5,False,False,False,False
1,1,1,-0.49594733639986993,3,2,4.374011422407943,First,False,False,False,False,True,False,False,True,False,False,True,True,False,False,True,False,False,6,False,False,False,False
0,3,0,-0.4228622158181073,0,0,-0.5118736008420088,Third,True,True,False,True,False,False,False,True,False,False,True,False,False,True,False,False,True,1,False,False,False,False
0,3,0,-0.057436612909294284,0,0,-0.5118736008420088,Third,True,True,False,True,False,False,False,True,False,False,True,False,False,True,False,False,True,1,False,False,False,False
0,3,0,-0.7152026981451577,0,0,-0.5156259298773191,Third,True,True,False,True,False,False,False,True,False,False,True,False,False,True,False,False,True,1,False,False,False,False
0,1,0,1.18501043698067,1,0,0.5062187382839126,First,True,False,False,True,False,False,False,True,False,False,True,True,False,False,True,False,False,2,True,False,False,False
0,3,0,-0.2766919746545821,1,2,-0.2718433599469093,Third,True,False,False,True,False,False,False,True,False,False,True,False,False,True,False,False,True,4,False,False,False,False
0,3,0,2.135117004543584,0,0,-0.5272048737135522,Third,True,True,False,True,False,False,False,True,False,False,True,False,False,True,False,False,True,1,True,False,False,False
0,1,0,3.0121384515247347,0,0,-0.00202828868061886,First,True,True,False,True,False,True,False,False,True,False,False,True,False,False,True,False,False,1,True,False,False,False
1,1,0,-0.49594733639986993,0,1,0.5480596983594632,First,True,False,False,True,False,True,False,False,True,False,False,True,False,False,True,False,False,2,False,False,False,False
1,2,1,0.30798898999951874,0,1,-0.22537043905504364,Second,False,False,False,False,True,False,False,True,False,False,True,False,True,False,False,True,False,2,True,False,False,False
0,2,0,0.30798898999951874,1,0,-0.16787816578675632,Second,True,False,False,True,False,False,False,True,False,False,True,False,True,False,False,True,False,2,True,False,False,False
0,3,1,-0.1305217334910569,0,0,-0.5148287036879988,Third,False,True,False,False,True,False,False,True,False,False,True,False,False,True,False,False,True,1,False,False,False,False
0,1,0,-0.6421175775633952,0,1,0.8150001559623391,First,True,False,False,True,False,False,False,True,False,False,True,True,False,False,True,False,False,2,False,False,False,False
0,3,0,0.23490386941775612,0,0,-0.5002946570057758,Third,True,True,False,True,False,False,False,True,False,False,True,False,False,True,False,False,True,1,True,False,False,False
0,3,0,0.5272443517448065,2,0,-0.5142691122281875,Third,True,False,False,True,False,False,False,True,False,False,True,False,False,True,False,False,True,3,True,False,False,False
0,3,0,-0.1305217334910569,0,0,-0.5148287036879988,Third,True,True,False,True,False,False,False,True,False,False,True,False,False,True,False,False,True,1,False,False,False,False
1,3,1,-0.6421175775633952,0,0,-0.5195392372777805,Third,False,True,False,False,True,False,False,True,False,False,True,False,False,True,False,False,True,1,False,False,False,False
1,3,0,-0.012521477578764014,0,0,-0.5171437258916018,Third,True,True,False,True,False,False,False,True,False,False,True,False,False,True,False,False,True,1,False,False,False,False
0,3,0,0.6003294723265692,0,0,-0.5148287036879988,Third,True,True,False,True,False,False,False,True,False,False,True,False,False,True,False,False,True,1,True,False,False,False
1,3,1,-0.012521477578764014,1,0,-0.2033317343022002,Third,False,False,False,False,True,False,True,False,False,True,False,False,False,True,False,False,True,2,False,False,False,False
0,1,0,1.2580955575624326,0,0,0.33038820253840057,First,True,True,False,True,False,False,False,True,False,False,True,True,False,False,True,False,False,1,True,False,False,False
0,3,1,-1.117170861344852,1,0,-0.38914292868708694,Third,False,False,True,False,False,True,False,False,True,False,False,False,False,True,False,False,True,2,False,False,False,False
0,3,0,-0.5690324569816325,0,0,-0.5118736008420088,Third,True,True,False,True,False,False,False,True,False,False,True,False,False,True,False,False,True,1,False,False,False,False
0,3,1,-0.7152026981451577,1,0,-0.4778573391582722,Third,False,False,False,False,True,False,False,True,False,False,True,False,False,True,False,False,True,2,False,False,False,False
0,3,1,-0.9344580598904455,0,0,-0.38906435591362026,Third,False,True,False,False,True,True,False,False,True,False,False,False,False,True,False,False,True,1,False,False,False,False
0,3,0,-0.6421175775633952,0,0,-0.5142691122281875,Third,True,True,False,True,False,False,False,True,False,False,True,False,False,True,False,False,True,1,False,False,False,False
0,3,0,2.9755958912338536,0,0,-0.5176228281688375,Third,True,True,False,True,False,False,True,False,False,True,False,False,False,True,False,False,True,1,True,False,False,False
0,2,0,-0.057436612909294284,1,0,-0.26369862123390186,Second,True,False,False,True,False,False,False,True,False,False,True,False,True,False,False,True,False,2,False,False,False,False
0,1,0,-0.4228622158181073,0,1,4.077366623616452,First,True,False,False,True,False,True,False,False,True,False,False,True,False,False,True,False,False,2,False,False,False,False
0,3,1,-2.0307348686168845,4,2,-0.0667875852900178,Third,False,False,True,False,False,False,False,True,False,False,True,False,False,True,False,False,True,7,False,False,False,False
0,2,0,-0.6421175775633952,2,0,0.7424161609611264,Second,True,False,False,True,False,False,False,True,False,False,True,False,True,False,False,True,False,3,False,False,False,False
0,2,0,0.19836130912687483,1,0,-0.08986498377990833,Second,True,False,False,True,False,True,False,False,True,False,False,False,True,False,False,True,False,2,True,False,False,False
1,2,1,0.19836130912687483,0,0,-0.41701134994933475,Second,False,True,False,False,True,False,False,True,False,False,True,False,True,False,False,True,False,1,True,False,False,False
0,1,0,1.769691401634771,0,1,0.8150001559623391,First,True,False,False,True,False,False,False,True,False,False,True,True,False,False,True,False,False,2,True,False,False,False
1,3,0,-1.2998836627992585,1,0,-0.45070757131187794,Third,False,False,True,False,False,True,False,False,True,False,False,False,False,True,False,False,True,2,False,False,False,False
0,3,0,-0.012521477578764014,0,0,-0.5176228281688375,Third,True,True,False,True,False,False,True,False,False,True,False,False,False,True,False,False,True,1,False,False,False,False
1,3,0,-0.4228622158181073,0,0,-0.5292803447785374,Third,True,True,False,True,False,False,False,True,False,False,True,False,False,True,False,False,True,1,False,False,False,False
1,3,1,-0.012521477578764014,1,1,-0.23766803630713032,Third,False,False,False,False,True,True,False,False,True,False,False,False,False,True,False,False,True,3,False,False,False,False
0,3,0,1.1119253163989073,0,0,-0.5324749987631451,Third,True,True,False,True,False,False,False,True,False,False,True,False,False,True,False,False,True,1,True,False,False,False
0,3,0,0.23490386941775612,0,0,-0.5148287036879988,Third,True,True,False,True,False,True,False,False,True,False,False,False,False,True,False,False,True,1,True,False,False,False
0,3,0,-0.7152026981451577,0,0,-0.5310376919314379,Third,True,True,False,True,False,False,False,True,False,False,True,False,False,True,False,False,True,1,False,False,False,False
0,3,1,1.2580955575624326,1,0,-0.3882652133151911,Third,False,False,False,False,True,False,False,True,False,False,True,False,False,True,False,False,True,2,True,False,False,False
0,2,0,-0.3497770952363447,0,0,-0.41701134994933475,Second,True,True,False,True,False,False,False,True,False,False,True,False,True,False,False,True,False,1,False,False,False,False
0,2,0,-0.49594733639986993,0,0,-0.3778054523985807,Second,True,True,False,True,False,True,False,False,True,False,False,False,True,False,False,True,False,1,False,False,False,False
1,1,1,-0.7882878187269203,0,2,-0.16244897878112105,First,False,False,False,False,True,False,False,True,False,False,True,True,False,False,True,False,False,3,False,False,False,False
0,1,0,0.5272443517448065,1,0,0.3514687027367726,First,True,False,False,True,False,False,False,True,False,False,True,True,False,False,True,False,False,2,True,False,False,False
0,3,0,-1.0075431804722081,0,0,-0.48951485576797193,Third,True,True,False,True,False,False,False,True,False,False,True,False,False,True,False,False,True,1,False,False,False,False
0,1,0,-0.4228622158181073,0,0,0.8516514801708724,First,True,True,False,True,False,True,False,False,True,False,False,True,False,False,True,False,False,1,False,False,False,False
0,3,1,-0.012521477578764014,0,2,-0.3739726341806949,Third,False,False,False,False,True,True,False,False,True,False,False,False,False,True,False,False,True,3,False,False,False,False
1,3,1,-0.5690324569816325,0,0,-0.5176228281688375,Third,False,True,False,False,True,False,False,True,False,False,True,False,False,True,False,False,True,1,False,False,False,False
1,3,1,-0.4228622158181073,1,0,-0.3623936903444618,Third,False,False,False,False,True,False,False,True,False,False,True,False,False,True,False,False,True,2,False,False,False,False
0,3,0,-0.7882878187269203,0,0,-0.5367869192582667,Third,True,True,False,True,False,False,True,False,False,True,False,False,False,True,False,False,True,1,False,False,False,False
0,2,0,-0.861372939308683,0,0,-0.4457574865834784,Second,True,True,False,True,False,False,False,True,False,False,True,False,True,False,False,True,False,1,False,False,False,False
0,2,0,-0.7882878187269203,1,1,0.03813581342460661,Second,True,False,False,True,False,False,False,True,False,False,True,False,True,False,False,True,False,3,False,False,False,False
1,3,0,-0.2036068540728195,0,0,-0.5167451127969417,Third,True,True,False,True,False,False,False,True,False,False,True,False,False,True,False,False,True,1,False,False,False,False
0,3,1,-1.5191390245445464,2,2,-0.007378902912787525,Third,False,False,True,False,False,False,False,True,False,False,True,False,False,True,False,False,True,5,False,False,False,False
0,2,0,0.49070179145392523,0,2,-0.16787816578675632,Second,True,False,False,True,False,False,False,True,False,False,True,False,True,False,False,True,False,3,True,False,False,False
0,2,0,0.8926699546536195,0,0,-0.41701134994933475,Second,True,True,False,True,False,False,False,True,False,False,True,False,True,False,False,True,False,1,True,False,False,False
0,2,0,1.550436039889483,0,0,-0.4261142932168136,Second,True,True,False,True,False,False,False,True,False,False,True,False,True,False,False,True,False,1,True,False,False,False
1,1,1,-0.5690324569816325,1,0,0.6101839324440654,First,False,False,False,False,True,False,False,True,False,False,True,True,False,False,True,False,False,2,False,False,False,False
0,3,0,1.8793190825074146,0,0,-0.5118736008420088,Third,True,True,False,True,False,False,False,True,False,False,True,False,False,True,False,False,True,1,True,False,False,False
0,3,0,0.7830422737809757,0,2,-0.3882652133151911,Third,True,False,False,True,False,False,False,True,False,False,True,False,False,True,False,False,True,3,True,False,False,False
0,3,0,-0.012521477578764014,0,0,-0.5260071180204628,Third,True,True,False,True,False,False,False,True,False,False,True,False,False,True,False,False,True,1,False,False,False,False
0,1,0,1.550436039889483,0,1,0.510132045684374,First,True,False,False,True,False,True,False,False,True,False,False,True,False,False,True,False,False,2,True,False,False,False
1,3,1,-1.0075431804722081,0,0,-0.517942868490031,Third,False,True,False,False,True,False,True,False,False,True,False,False,False,True,False,False,True,1,False,False,False,False
0,3,0,0.01564850767246832,0,0,-0.5118736008420088,Third,True,True,False,True,False,False,False,True,False,False,True,False,False,True,False,False,True,1,True,False,False,False
0,3,0,-0.012521477578764014,0,0,-0.5001355950497335,Third,True,True,False,True,False,False,False,True,False,False,True,False,False,True,False,False,True,1,False,False,False,False
0,3,0,-0.012521477578764014,8,2,0.6667180011578814,Third,True,False,False,True,False,False,False,True,False,False,True,False,False,True,False,False,True,11,False,False,False,False
0,3,0,1.0388401958171447,0,1,-0.3576026675721045,Third,True,False,False,True,False,False,False,True,False,False,True,False,False,True,False,False,True,2,True,False,False,False
1,2,1,0.7464997134900944,0,0,-0.3643100994534047,Second,False,True,False,False,True,False,False,True,False,False,True,False,True,False,False,True,False,1,True,False,False,False
0,3,0,-0.2766919746545821,0,0,-0.5171437258916018,Third,True,True,False,True,False,False,False,True,False,False,True,False,False,True,False,False,True,1,False,False,False,False
0,3,0,-0.9344580598904455,0,0,-0.5001355950497335,Third,True,True,False,True,False,False,False,True,False,False,True,False,False,True,False,False,True,1,False,False,False,False
0,3,0,-2.103819989198647,4,1,0.09443033099980462,Third,False,False,True,False,False,False,False,True,False,False,True,False,False,True,False,False,True,6,False,False,False,False
1,3,0,-1.5191390245445464,0,2,-0.2728015645013807,Third,False,False,True,False,False,False,False,True,False,False,True,False,False,True,False,False,True,3,False,False,False,False
1,1,1,-0.012521477578764014,0,1,0.3878804758066879,First,False,False,False,False,True,False,False,True,False,False,True,True,False,False,True,False,False,2,False,False,False,False
0,3,1,1.1119253163989073,1,4,-0.13146639271684105,Third,False,False,False,False,True,False,False,True,False,False,True,False,False,True,False,False,True,6,True,False,False,False
0,1,0,-0.012521477578764014,0,0,-0.1693154726184635,First,True,True,False,True,False,False,False,True,False,False,True,True,False,False,True,False,False,1,False,False,False,False
0,3,0,-0.1305217334910569,0,0,0.416546123258256,Third,True,True,False,True,False,False,False,True,False,False,True,False,False,True,False,False,True,1,False,False,False,False
0,1,0,2.281287245707109,0,0,-0.024147482616037996,First,True,True,False,True,False,False,False,True,False,False,True,True,False,False,True,False,False,1,True,False,False,False
0,3,0,-1.8845646274533594,4,1,-0.10799038113229036,Third,False,False,True,False,False,False,True,False,False,True,False,False,False,True,False,False,True,6,False,False,False,False
1,3,1,-2.103819989198647,1,1,-0.45278495878597214,Third,False,False,True,False,False,False,False,True,False,False,True,False,False,True,False,False,True,3,False,False,False,False
0,1,0,1.915861642798296,0,0,-0.07788742684901513,First,True,True,False,True,False,True,False,False,True,False,False,True,False,False,True,False,False,1,True,False,False,False
0,3,0,-0.861372939308683,1,1,-0.5156259298773191,Third,True,False,False,True,False,False,False,True,False,False,True,False,False,True,False,False,True,3,False,False,False,False
0,3,0,-0.012521477578764014,3,1,-0.1780983755647489,Third,True,False,False,True,False,False,False,True,False,False,True,False,False,True,False,False,True,5,False,False,False,False
0,1,1,1.4773509193077203,0,0,-0.11589556870667989,First,False,True,False,False,True,True,False,False,True,False,False,True,False,False,True,False,False,1,True,False,False,False
0,2,0,0.01564850767246832,0,0,-0.41701134994933475,Second,True,True,False,True,False,False,False,True,False,False,True,False,True,False,False,True,False,1,True,False,False,False
0,3,0,0.45415923116304396,0,0,-0.6661445341119132,Third,True,True,False,True,False,False,False,True,False,False,True,False,False,True,False,False,True,1,True,False,False,False
0,3,1,-0.012521477578764014,8,2,0.6667180011578814,Third,False,False,False,False,True,False,False,True,False,False,True,False,False,True,False,False,True,11,False,False,False,False
0,2,0,-0.012521477578764014,0,0,-0.37772496321600507,Second,True,True,False,True,False,True,False,False,True,False,False,False,True,False,False,True,False,1,False,False,False,False
0,3,0,-1.5191390245445464,4,2,-0.06463162504245701,Third,False,False,True,False,False,False,False,True,False,False,True,False,False,True,False,False,True,7,False,False,False,False
1,2,0,-2.103819989198647,2,1,0.08125501837582211,Second,False,False,True,False,False,False,False,True,False,False,True,False,True,False,False,True,False,4,False,False,False,False
1,3,1,-1.8845646274533594,0,2,-0.24405542786723705,Third,False,False,True,False,False,False,False,True,False,False,True,False,False,True,False,False,True,3,False,False,False,False
0,1,0,-0.012521477578764014,0,0,0.2920600203595423,First,True,True,False,True,False,False,False,True,False,False,True,True,False,False,True,False,False,1,False,False,False,False
1,3,1,-0.012521477578764014,1,0,-0.36910112222576197,Third,False,False,False,False,True,False,True,False,False,True,False,False,False,True,False,False,True,2,False,False,False,False
1,1,0,1.1119253163989073,0,0,-0.1573379156875703,First,True,True,False,True,False,False,False,True,False,False,True,True,False,False,True,False,False,1,True,False,False,False
0,3,0,0.7464997134900944,1,1,-0.36910112222576197,Third,True,False,False,True,False,False,True,False,False,True,False,False,False,True,False,False,True,3,True,False,False,False
0,3,0,0.45415923116304396,0,0,-0.5148287036879988,Third,True,True,False,True,False,False,False,True,False,False,True,False,False,True,False,False,True,1,True,False,False,False
1,2,1,0.16181874883599354,0,0,-0.41701134994933475,Second,False,True,False,False,True,False,False,True,False,False,True,False,True,False,False,True,False,1,True,False,False,False
0,2,0,-0.7882878187269203,0,0,-0.41701134994933475,Second,True,True,False,True,False,False,False,True,False,False,True,False,True,False,False,True,False,1,False,False,False,False
1,3,1,-0.7882878187269203,1,0,-0.5156259298773191,Third,False,False,False,False,True,False,False,True,False,False,True,False,False,True,False,False,True,2,False,False,False,False
1,2,0,-1.957649748035122,1,1,-0.16787816578675632,Second,False,False,True,False,False,False,False,True,False,False,True,False,True,False,False,True,False,3,False,False,False,False
1,1,1,1.0388401958171447,0,0,-0.1349005978400667,First,False,True,False,False,True,True,False,False,True,False,False,True,False,False,True,False,False,1,True,False,False,False
1,1,1,2.0620318839618212,0,0,2.1417934235841116,First,False,True,False,False,True,True,False,False,True,False,False,True,False,False,True,False,False,1,True,False,False,False
0,3,0,0.8926699546536195,0,1,-0.5050856797781331,Third,True,False,False,True,False,False,False,True,False,False,True,False,False,True,False,False,True,2,True,False,False,False
0,2,1,-0.4228622158181073,0,0,-0.41701134994933475,Second,False,True,False,False,True,False,False,True,False,False,True,False,True,False,False,True,False,1,False,False,False,False
0,3,0,-0.1305217334910569,0,0,-0.48408566876233666,Third,True,True,False,True,False,False,False,True,False,False,True,False,False,True,False,False,True,1,False,False,False,False
0,3,0,0.30798898999951874,0,0,-0.5416584312131996,Third,True,True,False,True,False,False,False,True,False,False,True,False,False,True,False,False,True,1,True,False,False,False
0,3,0,1.1484678766897887,0,0,-0.5276839759907879,Third,True,True,False,True,False,True,False,False,True,False,False,False,False,True,False,False,True,1,True,False,False,False
1,3,0,-0.861372939308683,0,0,-0.5118736008420088,Third,True,True,False,True,False,False,False,True,False,False,True,False,False,True,False,False,True,1,False,False,False,False
0,3,1,-2.0307348686168845,0,1,-0.4656402310887612,Third,False,False,True,False,False,False,False,True,False,False,True,False,False,True,False,False,True,2,False,False,False,False
0,3,0,0.16181874883599354,1,0,-0.3623936903444618,Third,True,False,False,True,False,False,False,True,False,False,True,False,False,True,False,False,True,2,True,False,False,False
1,3,0,-0.2766919746545821,0,0,-0.30609917276926374,Third,True,True,False,True,False,True,False,False,True,False,False,False,False,True,False,False,True,1,False,False,False,False
1,3,1,-1.0075431804722081,0,0,-0.5176228281688375,Third,False,True,False,False,True,False,True,False,False,True,False,False,False,True,False,False,True,1,False,False,False,False
1,1,0,0.7464997134900944,0,0,-0.07205771033961077,First,True,True,False,True,False,True,False,False,True,False,False,True,False,False,True,False,False,1,True,False,False,False
0,3,0,-0.4228622158181073,0,0,-0.5310376919314379,Third,True,True,False,True,False,False,False,True,False,False,True,False,False,True,False,False,True,1,False,False,False,False
1,2,1,0.3810741105812813,0,0,-0.26369862123390186,Second,False,True,False,False,True,False,False,True,False,False,True,False,True,False,False,True,False,1,True,False,False,False
0,3,0,-0.5690324569816325,0,0,-0.5272048737135522,Third,True,True,False,True,False,False,False,True,False,False,True,False,False,True,False,False,True,1,False,False,False,False
0,3,0,-0.012521477578764014,1,0,-0.5176228281688375,Third,True,False,False,True,False,False,True,False,False,True,False,False,False,True,False,False,True,2,False,False,False,False
1,1,1,0.08873362825423092,1,0,1.5046678840431693,First,False,False,False,False,True,True,False,False,True,False,False,True,False,False,True,False,False,2,True,False,False,False
1,3,1,-0.2036068540728195,0,0,-0.5142691122281875,Third,False,True,False,False,True,False,False,True,False,False,True,False,False,True,False,False,True,1,False,False,False,False
0,2,0,0.8926699546536195,1,0,-0.14871407469732723,Second,True,False,False,True,False,False,False,True,False,False,True,False,True,False,False,True,False,2,True,False,False,False
1,1,1,0.16181874883599354,0,0,0.7959165540554858,First,False,True,False,False,True,True,False,False,True,False,False,True,False,False,True,False,False,1,True,False,False,False
0,2,0,0.01564850767246832,0,0,-0.46492157767290754,Second,True,True,False,True,False,False,False,True,False,False,True,False,True,False,False,True,False,1,True,False,False,False
1,3,0,-1.0075431804722081,0,0,-0.5118736008420088,Third,True,True,False,True,False,False,False,True,False,False,True,False,False,True,False,False,True,1,False,False,False,False
0,2,0,-0.2036068540728195,0,0,-0.41701134994933475,Second,True,True,False,True,False,False,False,True,False,False,True,False,True,False,False,True,False,1,False,False,False,False
0,3,0,1.550436039889483,0,0,-0.5118736008420088,Third,True,True,False,True,False,False,False,True,False,False,True,False,False,True,False,False,True,1,True,False,False,False
0,3,0,-0.012521477578764014,0,0,-0.5148287036879988,Third,True,True,False,True,False,False,False,True,False,False,True,False,False,True,False,False,True,1,False,False,False,False
1,1,0,0.6003294723265692,1,0,1.0586236639367068,First,True,False,False,True,False,False,False,True,False,False,True,True,False,False,True,False,False,2,True,False,False,False
0,3,0,-0.5690324569816325,0,0,-0.486960282425751,Third,True,True,False,True,False,False,False,True,False,False,True,False,False,True,False,False,True,1,False,False,False,False
1,2,0,-0.7882878187269203,0,0,-0.46492157767290754,Second,True,True,False,True,False,False,False,True,False,False,True,False,True,False,False,True,False,1,False,False,False,False
0,3,0,-0.6786601378542764,0,0,-0.5272048737135522,Third,True,True,False,True,False,False,False,True,False,False,True,False,False,True,False,False,True,1,False,False,False,False
0,2,0,-0.861372939308683,0,0,-0.41701134994933475,Second,True,True,False,True,False,False,False,True,False,False,True,False,True,False,False,True,False,1,False,False,False,False
0,3,1,-0.012521477578764014,3,1,-0.1780983755647489,Third,False,False,False,False,True,False,False,True,False,False,True,False,False,True,False,False,True,5,False,False,False,False
1,1,1,0.3810741105812813,1,0,0.9335779695781817,First,False,False,False,False,True,False,False,True,False,False,True,True,False,False,True,False,False,2,True,False,False,False
0,3,0,-0.057436612909294284,0,0,-0.5171437258916018,Third,True,True,False,True,False,False,False,True,False,False,True,False,False,True,False,False,True,1,False,False,False,False
0,2,0,2.135117004543584,0,0,-0.4074293044046202,Second,True,True,False,True,False,False,False,True,False,False,True,False,True,False,False,True,False,1,True,False,False,False
1,3,1,-1.8114795068715968,4,2,-0.06463162504245701,Third,False,False,True,False,False,False,False,True,False,False,True,False,False,True,False,False,True,7,False,False,False,False
0,2,0,-0.4228622158181073,0,0,-0.46492157767290754,Second,True,True,False,True,False,False,False,True,False,False,True,False,True,False,False,True,False,1,False,False,False,False
0,3,1,-0.012521477578764014,0,0,-0.5214556463867234,Third,False,True,False,False,True,False,False,True,False,False,True,False,False,True,False,False,True,1,False,False,False,False
0,2,0,1.0388401958171447,1,0,-0.16787816578675632,Second,True,False,False,True,False,False,False,True,False,False,True,False,True,False,False,True,False,2,True,False,False,False
1,2,1,-1.592224145126309,0,2,-0.16308714301439906,Second,False,False,True,False,False,False,False,True,False,False,True,False,True,False,False,True,False,3,False,False,False,False
0,2,0,-0.7882878187269203,0,0,-0.46492157767290754,Second,True,True,False,True,False,False,False,True,False,False,True,False,True,False,False,True,False,1,False,False,False,False
0,2,0,0.23490386941775612,0,0,-0.43090531598917087,Second,True,True,False,True,False,False,False,True,False,False,True,False,True,False,False,True,False,1,True,False,False,False
0,3,1,-0.012521477578764014,1,0,-0.38914292868708694,Third,False,False,False,False,True,True,False,False,True,False,False,False,False,True,False,False,True,2,False,False,False,False
0,2,0,-0.057436612909294284,0,0,-0.46492157767290754,Second,True,True,False,True,False,False,False,True,False,False,True,False,True,False,False,True,False,1,False,False,False,False
0,3,0,-0.5690324569816325,0,0,-0.5296003850997307,Third,True,True,False,True,False,False,False,True,False,False,True,False,False,True,False,False,True,1,False,False,False,False
0,3,0,0.01564850767246832,0,0,-0.5276839759907879,Third,True,True,False,True,False,True,False,False,True,False,False,False,False,True,False,False,True,1,True,False,False,False
0,1,0,1.0388401958171447,2,0,1.0586236639367068,First,True,False,False,True,False,False,True,False,False,True,False,True,False,False,True,False,False,3,True,False,False,False
0,3,1,-0.3497770952363447,0,0,-0.5171437258916018,Third,False,True,False,False,True,False,False,True,False,False,True,False,False,True,False,False,True,1,False,False,False,False
1,2,1,-0.4228622158181073,0,2,-0.3882652133151911,Second,False,False,False,False,True,False,False,True,False,False,True,False,True,False,False,True,False,3,False,False,False,False
1,1,0,0.5272443517448065,1,1,0.34100894182016217,First,True,False,False,True,False,False,False,True,False,False,True,True,False,False,True,False,False,3,True,False,False,False
0,2,0,1.769691401634771,1,0,-0.16787816578675632,Second,True,False,False,True,False,False,False,True,False,False,True,False,True,False,False,True,False,2,True,False,False,False
0,3,0,-0.012521477578764014,0,0,-0.5272048737135522,Third,True,True,False,True,False,False,False,True,False,False,True,False,False,True,False,False,True,1,False,False,False,False
0,3,1,-0.057436612909294284,1,1,-0.4656402310887612,Third,False,False,False,False,True,False,False,True,False,False,True,False,False,True,False,False,True,3,False,False,False,False
0,1,0,2.3543723662888714,0,0,-0.1573379156875703,First,True,True,False,True,False,False,False,True,False,False,True,True,False,False,True,False,False,1,True,False,False,False
0,3,0,0.01564850767246832,1,0,-0.3576026675721045,Third,True,False,False,True,False,False,False,True,False,False,True,False,False,True,False,False,True,2,True,False,False,False
0,3,1,0.819584834071857,0,2,-0.2787903429668273,Third,False,False,False,False,True,False,False,True,False,False,True,False,False,True,False,False,True,3,True,False,False,False
1,3,1,-0.057436612909294284,0,2,-0.3739726341806949,Third,False,False,False,False,True,True,False,False,True,False,False,False,False,True,False,False,True,3,False,False,False,False
1,1,1,-0.012521477578764014,0,0,0.8516514801708724,First,False,True,False,False,True,True,False,False,True,False,False,True,False,False,True,False,False,1,False,False,False,False
1,1,1,0.01564850767246832,0,0,0.9915493451237049,First,False,True,False,False,True,False,False,True,False,False,True,True,False,False,True,False,False,1,True,False,False,False
1,1,1,0.3810741105812813,0,0,9.152178922462431,First,False,True,False,False,True,True,False,False,True,False,False,True,False,False,True,False,False,1,True,False,False,False
1,2,1,1.4773509193077203,0,1,-0.16787816578675632,Second,False,False,False,False,True,False,False,True,False,False,True,False,True,False,False,True,False,2,True,False,False,False
1,3,0,-1.957649748035122,4,2,-0.06463162504245701,Third,False,False,True,False,False,False,False,True,False,False,True,False,False,True,False,False,True,7,False,False,False,False
0,1,0,1.6235211604712456,1,1,0.8602753211611156,First,True,False,False,True,False,False,False,True,False,False,True,True,False,False,True,False,False,3,True,False,False,False
0,1,0,0.7464997134900944,0,0,-0.6661445341119132,First,True,True,False,True,False,False,False,True,False,False,True,True,False,False,True,False,False,1,True,False,False,False
0,3,1,-0.012521477578764014,0,0,-0.5176228281688375,Third,False,True,False,False,True,False,True,False,False,True,False,False,False,True,False,False,True,1,False,False,False,False
0,2,0,0.45415923116304396,0,0,-0.46492157767290754,Second,True,True,False,True,False,False,False,True,False,False,True,False,True,False,False,True,False,1,True,False,False,False
0,3,0,-1.0075431804722081,4,1,0.09443033099980462,Third,True,False,False,True,False,False,False,True,False,False,True,False,False,True,False,False,True,6,False,False,False,False
1,3,0,-0.3497770952363447,1,0,-0.5171437258916018,Third,True,False,False,True,False,False,False,True,False,False,True,False,False,True,False,False,True,2,False,False,False,False
1,1,1,2.0620318839618212,0,1,2.274824794699602,First,False,False,False,False,True,False,False,True,False,False,True,True,False,False,True,False,False,2,True,False,False,False
1,1,1,0.3810741105812813,0,0,1.933144381847952,First,False,True,False,False,True,False,False,True,False,False,True,True,False,False,True,False,False,1,True,False,False,False
0,1,0,-0.012521477578764014,0,0,-0.07205771033961077,First,True,True,False,True,False,False,False,True,False,False,True,True,False,False,True,False,False,1,False,False,False,False
1,3,0,-0.3497770952363447,0,0,-0.6661445341119132,Third,True,True,False,True,False,False,False,True,False,False,True,False,False,True,False,False,True,1,False,False,False,False
1,2,1,0.819584834071857,0,1,-0.2924447578680455,Second,False,False,False,False,True,False,False,True,False,False,True,False,True,False,False,True,False,2,True,False,False,False
0,1,0,0.5272443517448065,0,1,-0.09697102875586863,First,True,False,False,True,False,True,False,False,True,False,False,True,False,False,True,False,False,2,True,False,False,False
1,1,1,2.427457486870634,1,0,0.8278554282651281,First,False,False,False,False,True,False,False,True,False,False,True,True,False,False,True,False,False,2,True,False,False,False
0,3,1,1.1119253163989073,0,0,-0.5176228281688375,Third,False,True,False,False,True,False,False,True,False,False,True,False,False,True,False,False,True,1,True,False,False,False
0,2,0,-0.012521477578764014,0,0,-0.6661445341119132,Second,True,True,False,True,False,False,False,True,False,False,True,False,True,False,False,True,False,1,False,False,False,False
0,3,0,-1.6653092657080715,4,1,-0.10799038113229036,Third,False,False,True,False,False,False,True,False,False,True,False,False,False,True,False,False,True,6,False,False,False,False
1,3,1,0.3810741105812813,1,1,-0.2780716895509737,Third,False,False,False,False,True,False,False,True,False,False,True,False,False,True,False,False,True,3,True,False,False,False
0,3,0,2.5736277280341593,0,0,-0.5176228281688375,Third,True,True,False,True,False,False,True,False,False,True,False,False,False,True,False,False,True,1,True,False,False,False
0,3,0,-0.1305217334910569,0,0,-0.5156259298773191,Third,True,True,False,True,False,False,False,True,False,False,True,False,False,True,False,False,True,1,False,False,False,False
0,3,0,-1.0075431804722081,0,0,-0.48408566876233666,Third,True,True,False,True,False,False,False,True,False,False,True,False,False,True,False,False,True,1,False,False,False,False
1,3,0,-0.7882878187269203,0,0,-0.5118736008420088,Third,True,True,False,True,False,False,False,True,False,False,True,False,False,True,False,False,True,1,False,False,False,False
0,1,0,-0.012521477578764014,0,0,-0.16787816578675632,First,True,True,False,True,False,False,False,True,False,False,True,True,False,False,True,False,False,1,False,False,False,False
0,3,0,0.23490386941775612,0,0,-0.5001355950497335,Third,True,True,False,True,False,True,False,False,True,False,False,False,False,True,False,False,True,1,True,False,False,False
1,3,0,0.01564850767246832,0,0,-0.48408566876233666,Third,True,True,False,True,False,False,False,True,False,False,True,False,False,True,False,False,True,1,True,False,False,False
0,3,0,-0.5690324569816325,0,0,-0.5148287036879988,Third,True,True,False,True,False,False,False,True,False,False,True,False,False,True,False,False,True,1,False,False,False,False
1,2,0,0.8926699546536195,0,0,-0.41701134994933475,Second,True,True,False,True,False,False,False,True,False,False,True,False,True,False,False,True,False,1,True,False,False,False
1,3,1,-0.5690324569816325,0,0,-0.5176228281688375,Third,False,True,False,False,True,False,True,False,False,True,False,False,False,True,False,False,True,1,False,False,False,False
1,1,1,-0.2766919746545821,0,0,0.844944048289572,First,False,True,False,False,True,False,False,True,False,False,True,True,False,False,True,False,False,1,False,False,False,False
1,1,1,-0.7882878187269203,1,0,1.0793055510404186,First,False,False,False,False,True,True,False,False,True,False,False,True,False,False,True,False,False,2,False,False,False,False
0,2,0,0.45415923116304396,0,0,-0.4194068613355134,Second,True,True,False,True,False,True,False,False,True,False,False,False,True,False,False,True,False,1,True,False,False,False
0,3,1,-0.4228622158181073,0,0,-0.49654232797046555,Third,False,True,False,False,True,False,False,True,False,False,True,False,False,True,False,False,True,1,False,False,False,False
0,3,0,-0.4228622158181073,0,0,-0.5148287036879988,Third,True,True,False,True,False,False,False,True,False,False,True,False,False,True,False,False,True,1,False,False,False,False
0,3,0,-0.4594047761089886,0,0,-0.5276034868082123,Third,True,True,False,True,False,True,False,False,True,False,False,False,False,True,False,False,True,1,False,False,False,False
0,1,1,-2.0307348686168845,1,2,2.2381734704910685,First,False,False,True,False,False,False,False,True,False,False,True,True,False,False,True,False,False,4,False,False,False,False
1,1,0,-0.012521477578764014,0,0,-0.08163975588432533,First,True,True,False,True,False,False,False,True,False,False,True,True,False,False,True,False,False,1,False,False,False,False
1,1,1,1.4773509193077203,0,1,4.077366623616452,First,False,False,False,False,True,True,False,False,True,False,False,True,False,False,True,False,False,2,True,False,False,False
1,3,0,-0.012521477578764014,2,0,-0.22057941628268637,Third,True,False,False,True,False,False,True,False,False,True,False,False,False,True,False,False,True,3,False,False,False,False
0,3,0,-0.7882878187269203,0,0,-0.6661445341119132,Third,True,True,False,True,False,False,False,True,False,False,True,False,False,True,False,False,True,1,False,False,False,False
1,2,1,-0.012521477578764014,0,0,-0.42946800915746364,Second,False,True,False,False,True,False,True,False,False,True,False,False,True,False,False,True,False,1,False,False,False,False
1,1,0,-2.109666798845188,1,2,2.2381734704910685,First,False,False,True,False,False,False,False,True,False,False,True,True,False,False,True,False,False,4,False,False,False,False
1,1,1,-0.012521477578764014,0,0,1.4588331273845818,First,False,True,False,False,True,True,False,False,True,False,False,True,False,False,True,False,False,1,False,False,False,False
1,1,1,-0.9344580598904455,1,0,1.420824985526917,First,False,False,False,False,True,True,False,False,True,False,False,True,False,False,True,False,False,2,False,False,False,False
0,2,0,0.01564850767246832,1,0,-0.20620634796561454,Second,True,False,False,True,False,True,False,False,True,False,False,False,True,False,False,True,False,2,True,False,False,False
1,1,1,0.01564850767246832,0,0,0.42485184033641454,First,False,True,False,False,True,True,False,False,True,False,False,True,False,False,True,False,False,1,True,False,False,False
1,1,1,-0.4228622158181073,0,0,0.9275087019301596,First,False,True,False,False,True,True,False,False,True,False,False,True,False,False,True,False,False,1,False,False,False,False
1,1,1,-0.861372939308683,2,2,4.362033865477049,First,False,False,False,False,True,True,False,False,True,False,False,True,False,False,True,False,False,5,False,False,False,False
0,2,1,-0.2766919746545821,1,1,-0.16787816578675632,Second,False,False,False,False,True,False,False,True,False,False,True,False,True,False,False,True,False,3,False,False,False,False
0,2,0,0.9657550752353822,1,1,-0.16308714301439906,Second,True,False,False,True,False,False,False,True,False,False,True,False,True,False,False,True,False,3,True,False,False,False
1,3,1,-0.2766919746545821,0,0,-0.5156259298773191,Third,False,True,False,False,True,False,False,True,False,False,True,False,False,True,False,False,True,1,False,False,False,False
1,2,1,-0.4228622158181073,1,0,-0.16787816578675632,Second,False,False,False,False,True,False,False,True,False,False,True,False,True,False,False,True,False,2,False,False,False,False
0,2,0,1.769691401634771,0,0,-0.39784725885990563,Second,True,True,False,True,False,False,False,True,False,False,True,False,True,False,False,True,False,1,True,False,False,False
1,1,1,0.08873362825423092,0,2,2.493375922301669,First,False,False,False,False,True,False,False,True,False,False,True,True,False,False,True,False,False,3,True,False,False,False
1,1,1,0.7464997134900944,1,1,1.911425717416302,First,False,False,False,False,True,True,False,False,True,False,False,True,False,False,True,False,False,3,True,False,False,False
0,3,0,-0.2036068540728195,0,0,-0.5148287036879988,Third,True,True,False,True,False,False,False,True,False,False,True,False,False,True,False,False,True,1,False,False,False,False
1,2,1,0.01564850767246832,0,0,-0.42946800915746364,Second,False,True,False,False,True,False,True,False,False,True,False,False,True,False,False,True,False,1,True,False,False,False
1,2,1,-0.5690324569816325,1,1,-0.11038589251846899,Second,False,False,False,False,True,False,False,True,False,False,True,False,True,False,False,True,False,3,False,False,False,False
1,1,1,0.45415923116304396,0,0,1.933144381847952,First,False,True,False,False,True,True,False,False,True,False,False,True,False,False,True,False,False,1,True,False,False,False
0,3,0,2.281287245707109,0,0,-0.5466085159415991,Third,True,True,False,True,False,False,False,True,False,False,True,False,False,True,False,False,True,1,True,False,False,False
1,2,1,0.45415923116304396,0,0,-0.41701134994933475,Second,False,True,False,False,True,False,False,True,False,False,True,False,True,False,False,True,False,1,True,False,False,False
1,3,1,0.08873362825423092,1,1,-0.2728015645013807,Third,False,False,False,False,True,False,False,True,False,False,True,False,False,True,False,False,True,3,True,False,False,False
1,1,1,-1.0075431804722081,0,1,0.44497413598031504,First,False,False,False,False,True,True,False,False,True,False,False,True,False,False,True,False,False,2,False,False,False,False
1,3,1,-0.012521477578764014,2,0,-0.22057941628268637,Third,False,False,False,False,True,False,True,False,False,True,False,False,False,True,False,False,True,3,False,False,False,False
0,1,0,1.1484678766897887,0,0,-0.11996793806318355,First,True,True,False,True,False,False,False,True,False,False,True,True,False,False,True,False,False,1,True,False,False,False
0,1,0,0.6003294723265692,0,1,2.274824794699602,First,True,False,False,True,False,False,False,True,False,False,True,True,False,False,True,False,False,2,True,False,False,False
0,3,0,-1.0075431804722081,2,0,-0.3211908945021892,Third,True,False,False,True,False,False,False,True,False,False,True,False,False,True,False,False,True,3,False,False,False,False
1,1,1,-0.012521477578764014,1,0,1.8951362399902876,First,False,False,False,False,True,False,False,True,False,False,True,True,False,False,True,False,False,2,False,False,False,False
0,1,0,-0.057436612909294284,1,0,0.6101839324440654,First,True,False,False,True,False,False,False,True,False,False,True,True,False,False,True,False,False,2,False,False,False,False
1,1,1,0.819584834071857,0,0,1.911425717416302,First,False,True,False,False,True,True,False,False,True,False,False,True,False,False,True,False,False,1,True,False,False,False
1,3,0,1.1119253163989073,0,0,-0.5118736008420088,Third,True,True,False,True,False,False,False,True,False,False,True,False,False,True,False,False,True,1,True,False,False,False
0,1,0,1.1119253163989073,0,0,0.014180699562820224,First,True,True,False,True,False,False,False,True,False,False,True,True,False,False,True,False,False,1,True,False,False,False
1,2,0,-2.0307348686168845,1,1,-0.16787816578675632,Second,False,False,True,False,False,False,False,True,False,False,True,False,True,False,False,True,False,3,False,False,False,False
1,1,1,-0.4228622158181073,3,2,4.374011422407943,First,False,False,False,False,True,False,False,True,False,False,True,True,False,False,True,False,False,6,False,False,False,False
0,2,0,-0.1305217334910569,0,0,-0.41701134994933475,Second,True,True,False,True,False,False,False,True,False,False,True,False,True,False,False,True,False,1,False,False,False,False
0,2,0,0.45415923116304396,0,0,-0.41701134994933475,Second,True,True,False,True,False,False,False,True,False,False,True,False,True,False,False,True,False,1,True,False,False,False
1,2,1,-0.4228622158181073,0,0,-0.41701134994933475,Second,False,True,False,False,True,False,False,True,False,False,True,False,True,False,False,True,False,1,False,False,False,False
1,2,1,0.7464997134900944,0,0,-0.41701134994933475,Second,False,True,False,False,True,False,False,True,False,False,True,False,True,False,False,True,False,1,True,False,False,False
1,3,1,-0.012521477578764014,1,0,-0.3576026675721045,Third,False,False,False,False,True,False,False,True,False,False,True,False,False,True,False,False,True,2,False,False,False,False
1,3,0,-1.957649748035122,1,1,-0.36143548578999035,Third,False,False,True,False,False,False,False,True,False,False,True,False,False,True,False,False,True,3,False,False,False,False
0,3,0,0.8926699546536195,0,0,-0.5001355950497335,Third,True,True,False,True,False,False,False,True,False,False,True,False,False,True,False,False,True,1,True,False,False,False
0,3,0,-0.49594733639986993,0,0,-0.4893557938119296,Third,True,True,False,True,False,False,False,True,False,False,True,False,False,True,False,False,True,1,False,False,False,False
0,1,0,-0.012521477578764014,0,0,0.0045986540181056695,First,True,True,False,True,False,False,False,True,False,False,True,True,False,False,True,False,False,1,False,False,False,False
0,3,0,-1.0806283010539708,1,1,-0.5276034868082123,Third,False,False,True,False,False,True,False,False,True,False,False,False,False,True,False,False,True,3,False,False,False,False
0,3,0,-0.3497770952363447,1,0,-0.325023712720075,Third,True,False,False,True,False,False,False,True,False,False,True,False,False,True,False,False,True,2,False,False,False,False
1,1,1,-0.5690324569816325,0,1,0.3878804758066879,First,False,False,False,False,True,False,False,True,False,False,True,True,False,False,True,False,False,2,False,False,False,False
0,2,1,0.6003294723265692,0,0,-0.41701134994933475,Second,False,True,False,False,True,False,False,True,False,False,True,False,True,False,False,True,False,1,True,False,False,False
0,3,0,0.7464997134900944,1,4,-0.13146639271684105,Third,True,False,False,True,False,False,False,True,False,False,True,False,False,True,False,False,True,6,True,False,False,False
0,2,0,-0.057436612909294284,1,0,-0.1349005978400667,Second,True,False,False,True,False,True,False,False,True,False,False,False,True,False,False,True,False,2,False,False,False,False
0,3,1,1.1119253163989073,0,1,-0.38914292868708694,Third,False,False,False,False,True,True,False,False,True,False,False,False,False,True,False,False,True,2,True,False,False,False
0,3,0,0.3810741105812813,0,0,-0.5310376919314379,Third,True,True,False,True,False,False,False,True,False,False,True,False,False,True,False,False,True,1,True,False,False,False
0,3,0,0.01564850767246832,0,0,-0.5272048737135522,Third,True,True,False,True,False,False,False,True,False,False,True,False,False,True,False,False,True,1,True,False,False,False
1,1,1,2.2082021251253465,1,0,0.7759533203676273,First,False,False,False,False,True,True,False,False,True,False,False,True,False,False,True,False,False,2,True,False,False,False
1,3,1,-0.012521477578764014,0,0,-0.5276034868082123,Third,False,True,False,False,True,True,False,False,True,False,False,False,False,True,False,False,True,1,False,False,False,False
1,1,1,-0.4228622158181073,0,0,0.6619269783855241,First,False,True,False,False,True,True,False,False,True,False,False,True,False,False,True,False,False,1,False,False,False,False
1,1,0,-0.3497770952363447,1,0,0.39634525484088867,First,True,False,False,True,False,True,False,False,True,False,False,True,False,False,True,False,False,2,False,False,False,False
0,3,0,-0.861372939308683,1,0,-0.5416584312131996,Third,True,False,False,True,False,False,False,True,False,False,True,False,False,True,False,False,True,2,False,False,False,False
0,3,0,-0.7882878187269203,0,0,-0.5118736008420088,Third,True,True,False,True,False,False,False,True,False,False,True,False,False,True,False,False,True,1,False,False,False,False
0,1,0,-0.5690324569816325,0,0,1.933144381847952,First,True,True,False,True,False,True,False,False,True,False,False,True,False,False,True,False,False,1,False,False,False,False
0,3,1,-1.957649748035122,3,1,-0.2622613144021947,Third,False,False,True,False,False,False,False,True,False,False,True,False,False,True,False,False,True,5,False,False,False,False
1,1,1,-0.012521477578764014,1,0,0.9085841619793483,First,False,False,False,False,True,True,False,False,True,False,False,True,False,False,True,False,False,2,False,False,False,False
1,3,1,-0.5690324569816325,0,0,-0.5272048737135522,Third,False,True,False,False,True,False,False,True,False,False,True,False,False,True,False,False,True,1,False,False,False,False
0,1,0,-0.2036068540728195,0,2,3.3870607313023435,First,True,False,False,True,False,True,False,False,True,False,False,True,False,False,True,False,False,3,False,False,False,False
0,3,0,-0.7152026981451577,0,0,-0.5892486186155789,Third,True,True,False,True,False,True,False,False,True,False,False,False,False,True,False,False,True,1,False,False,False,False
0,3,0,-0.7882878187269203,0,0,-0.5171437258916018,Third,True,True,False,True,False,False,False,True,False,False,True,False,False,True,False,False,True,1,False,False,False,False
1,1,1,0.8926699546536195,0,0,3.6941652910104454,First,False,True,False,False,True,True,False,False,True,False,False,True,False,False,True,False,False,1,True,False,False,False
1,3,1,-2.103819989198647,0,2,-0.36446916140944696,Third,False,False,True,False,False,True,False,False,True,False,False,False,False,True,False,False,True,3,False,False,False,False
0,3,0,0.16181874883599354,0,0,-0.5142691122281875,Third,True,True,False,True,False,False,False,True,False,False,True,False,False,True,False,False,True,1,True,False,False,False
1,1,1,0.3810741105812813,1,0,0.33038820253840057,First,False,False,False,False,True,False,False,True,False,False,True,True,False,False,True,False,False,2,True,False,False,False
0,2,0,-0.861372939308683,0,0,0.7424161609611264,Second,True,True,False,True,False,False,False,True,False,False,True,False,True,False,False,True,False,1,False,False,False,False
0,3,0,-2.103819989198647,5,2,0.23265133798231205,Third,False,False,True,False,False,False,False,True,False,False,True,False,False,True,False,False,True,8,False,False,False,False
0,3,0,-0.012521477578764014,0,0,-0.5180214412634977,Third,True,True,False,True,False,False,True,False,False,True,False,False,False,True,False,False,True,1,False,False,False,False
1,2,1,-0.9344580598904455,0,0,-0.4361754410387639,Second,False,True,False,False,True,True,False,False,True,False,False,False,True,False,False,True,False,1,False,False,False,False
1,1,0,0.45415923116304396,1,2,1.63354639661958,First,True,False,False,True,False,False,False,True,False,False,True,True,False,False,True,False,False,4,True,False,False,False
1,3,0,-0.6421175775633952,0,0,-0.5167451127969417,Third,True,True,False,True,False,False,False,True,False,False,True,False,False,True,False,False,True,1,False,False,False,False
0,3,0,-0.1305217334910569,2,0,-0.5142691122281875,Third,True,False,False,True,False,False,False,True,False,False,True,False,False,True,False,False,True,3,False,False,False,False
1,1,1,-0.49594733639986993,1,0,1.5046678840431693,First,False,False,False,False,True,True,False,False,True,False,False,True,False,False,True,False,False,2,False,False,False,False
1,3,1,-0.4228622158181073,0,2,-0.34610421291844706,Third,False,False,False,False,True,False,False,True,False,False,True,False,False,True,False,False,True,3,False,False,False,False
0,3,0,-0.5690324569816325,0,0,-0.5167451127969417,Third,True,True,False,True,False,False,False,True,False,False,True,False,False,True,False,False,True,1,False,False,False,False
0,3,1,0.08873362825423092,0,0,-0.5156259298773191,Third,False,True,False,False,True,False,False,True,False,False,True,False,False,True,False,False,True,1,True,False,False,False
0,2,0,1.18501043698067,0,0,-0.16787816578675632,Second,True,True,False,True,False,False,False,True,False,False,True,False,True,False,False,True,False,1,True,False,False,False
0,2,0,-0.49594733639986993,0,0,-0.46492157767290754,Second,True,True,False,True,False,False,False,True,False,False,True,False,True,False,False,True,False,1,False,False,False,False
1,2,1,-0.1305217334910569,0,0,-0.423718781830635,Second,False,True,False,False,True,False,False,True,False,False,True,False,True,False,False,True,False,1,False,False,False,False
1,3,0,0.6734145929083317,0,0,-0.5142691122281875,Third,True,True,False,True,False,False,False,True,False,False,True,False,False,True,False,False,True,1,True,False,False,False
0,3,0,-0.2766919746545821,0,0,-0.5118736008420088,Third,True,True,False,True,False,False,False,True,False,False,True,False,False,True,False,False,True,1,False,False,False,False
0,3,1,-0.6421175775633952,1,0,-0.4778573391582722,Third,False,False,False,False,True,False,False,True,False,False,True,False,False,True,False,False,True,2,False,False,False,False
0,3,0,-0.1305217334910569,1,0,-0.3623936903444618,Third,True,False,False,True,False,False,False,True,False,False,True,False,False,True,False,False,True,2,False,False,False,False
0,3,1,-0.7152026981451577,0,0,-0.5001355950497335,Third,False,True,False,False,True,False,False,True,False,False,True,False,False,True,False,False,True,1,False,False,False,False
0,2,0,0.30798898999951874,1,0,-0.26369862123390186,Second,True,False,False,True,False,False,False,True,False,False,True,False,True,False,False,True,False,2,True,False,False,False
0,3,0,1.550436039889483,0,0,-0.5176228281688375,Third,True,True,False,True,False,False,False,True,False,False,True,False,False,True,False,False,True,1,True,False,False,False
1,2,0,-1.957649748035122,1,1,-0.3068178261851174,Second,False,False,True,False,False,False,False,True,False,False,True,False,True,False,False,True,False,3,False,False,False,False
0,3,0,-0.6421175775633952,0,0,-0.5171437258916018,Third,True,True,False,True,False,False,False,True,False,False,True,False,False,True,False,False,True,1,False,False,False,False
0,3,0,-0.012521477578764014,0,0,-0.5347114481932815,Third,True,True,False,True,False,False,True,False,False,True,False,False,False,True,False,False,True,1,False,False,False,False
1,1,1,0.23490386941775612,1,0,1.0586236639367068,First,False,False,False,False,True,False,True,False,False,True,False,True,False,False,True,False,False,2,True,False,False,False
1,3,0,1.0388401958171447,0,0,-0.5142691122281875,Third,True,True,False,True,False,False,False,True,False,False,True,False,False,True,False,False,True,1,True,False,False,False
0,3,1,-0.012521477578764014,0,0,-0.5118736008420088,Third,False,True,False,False,True,False,False,True,False,False,True,False,False,True,False,False,True,1,False,False,False,False
1,2,1,0.30798898999951874,1,1,-0.04331157370546711,Second,False,False,False,False,True,False,False,True,False,False,True,False,True,False,False,True,False,3,True,False,False,False
1,2,1,-0.861372939308683,0,2,-0.41701134994933475,Second,False,False,False,False,True,False,False,True,False,False,True,False,True,False,False,True,False,3,False,False,False,False
0,3,1,-1.4460539039627838,0,2,-0.2033317343022002,Third,False,False,True,False,False,False,False,True,False,False,True,False,False,True,False,False,True,3,False,False,False,False
0,3,0,-0.6421175775633952,0,0,-0.517942868490031,Third,True,True,False,True,False,False,True,False,False,True,False,False,False,True,False,False,True,1,False,False,False,False
0,3,0,-0.057436612909294284,0,0,-0.515227316782659,Third,True,True,False,True,False,False,False,True,False,False,True,False,False,True,False,False,True,1,False,False,False,False
0,3,1,-0.1305217334910569,1,1,-0.390181622424134,Third,False,False,False,False,True,False,False,True,False,False,True,False,False,True,False,False,True,3,False,False,False,False
0,3,0,-0.861372939308683,1,1,-0.2787903429668273,Third,True,False,False,True,False,False,False,True,False,False,True,False,False,True,False,False,True,3,False,False,False,False
1,2,1,-0.1305217334910569,1,0,-0.16787816578675632,Second,False,False,False,False,True,False,False,True,False,False,True,False,True,False,False,True,False,2,False,False,False,False
1,2,1,-0.7882878187269203,0,0,-0.16787816578675632,Second,False,True,False,False,True,False,False,True,False,False,True,False,True,False,False,True,False,1,False,False,False,False
1,3,0,0.16181874883599354,0,0,-0.5118736008420088,Third,True,True,False,True,False,False,False,True,False,False,True,False,False,True,False,False,True,1,True,False,False,False
1,1,0,-0.1305217334910569,0,0,-0.1573379156875703,First,True,True,False,True,False,False,False,True,False,False,True,True,False,False,True,False,False,1,False,False,False,False
1,2,1,0.8926699546536195,1,0,-0.16787816578675632,Second,False,False,False,False,True,False,False,True,False,False,True,False,True,False,False,True,False,2,True,False,False,False
0,3,0,-0.9344580598904455,0,0,-0.5296003850997307,Third,True,True,False,True,False,False,False,True,False,False,True,False,False,True,False,False,True,1,False,False,False,False
0,1,0,1.4773509193077203,1,0,0.40512815778717404,First,True,False,False,True,False,False,False,True,False,False,True,True,False,False,True,False,False,2,True,False,False,False
1,1,1,-1.1537134216357334,1,2,1.63354639661958,First,False,False,True,False,False,False,False,True,False,False,True,True,False,False,True,False,False,4,False,False,False,False
0,3,1,-0.6421175775633952,2,2,-0.007378902912787525,Third,False,False,False,False,True,False,False,True,False,False,True,False,False,True,False,False,True,5,False,False,False,False
1,2,1,-0.4228622158181073,2,3,-0.3068178261851174,Second,False,False,False,False,True,False,False,True,False,False,True,False,True,False,False,True,False,6,False,False,False,False
0,1,0,2.5005426074523966,1,4,4.374011422407943,First,True,False,False,True,False,False,False,True,False,False,True,True,False,False,True,False,False,6,True,False,False,False
0,2,0,0.08873362825423092,0,0,-0.46492157767290754,Second,True,True,False,True,False,False,False,True,False,False,True,False,True,False,False,True,False,1,True,False,False,False
1,2,1,1.1119253163989073,1,1,-0.16308714301439906,Second,False,False,False,False,True,False,False,True,False,False,True,False,True,False,False,True,False,3,True,False,False,False
0,3,0,-0.7152026981451577,0,0,-0.48408566876233666,Third,True,True,False,True,False,False,False,True,False,False,True,False,False,True,False,False,True,1,False,False,False,False
0,3,0,-0.3497770952363447,1,0,-0.5171437258916018,Third,True,False,False,True,False,False,False,True,False,False,True,False,False,True,False,False,True,2,False,False,False,False
1,2,1,-0.1305217334910569,0,0,-0.41701134994933475,Second,False,True,False,False,True,False,False,True,False,False,True,False,True,False,False,True,False,1,False,False,False,False
1,3,0,-0.012521477578764014,0,0,-0.5106758451489195,Third,True,True,False,True,False,False,False,True,False,False,True,False,False,True,False,False,True,1,False,False,False,False
1,1,0,-1.8845646274533594,0,2,0.9025953835139018,First,False,False,True,False,False,False,False,True,False,False,True,True,False,False,True,False,False,3,False,False,False,False
1,2,1,-1.2267985422174958,0,1,-0.2924447578680455,Second,False,False,True,False,False,False,False,True,False,False,True,False,True,False,False,True,False,2,False,False,False,False
1,1,0,0.30798898999951874,0,0,-0.1573379156875703,First,True,True,False,True,False,False,False,True,False,False,True,True,False,False,True,False,False,1,True,False,False,False
1,3,1,-1.8114795068715968,2,1,-0.2970767186843606,Third,False,False,True,False,False,True,False,False,True,False,False,False,False,True,False,False,True,4,False,False,False,False
1,1,0,1.6235211604712456,0,0,-0.08163975588432533,First,True,True,False,True,False,False,False,True,False,False,True,True,False,False,True,False,False,1,True,False,False,False
0,2,0,0.45415923116304396,1,2,-0.13434100638025537,Second,True,False,False,True,False,False,False,True,False,False,True,False,True,False,False,True,False,4,True,False,False,False
0,3,0,-0.012521477578764014,1,0,-0.283500876556609,Third,True,False,False,True,False,False,False,True,False,False,True,False,False,True,False,False,True,2,False,False,False,False
0,1,0,0.01564850767246832,0,0,-0.13434100638025537,First,True,True,False,True,False,True,False,False,True,False,False,True,False,False,True,False,False,1,True,False,False,False
1,1,0,1.4042657987259577,1,0,1.0414564711387964,First,True,False,False,True,False,True,False,False,True,False,False,True,False,False,True,False,False,2,True,False,False,False
1,3,0,-0.057436612909294284,0,0,-0.5148287036879988,Third,True,True,False,True,False,True,False,False,True,False,False,False,False,True,False,False,True,1,False,False,False,False
0,1,0,2.5736277280341593,0,0,-0.1573379156875703,First,True,True,False,True,False,False,False,True,False,False,True,True,False,False,True,False,False,1,True,False,False,False
1,1,1,-0.012521477578764014,1,0,0.327753140013604,First,False,False,False,False,True,False,False,True,False,False,True,True,False,False,True,False,False,2,False,False,False,False
1,2,1,1.4773509193077203,0,0,-0.46492157767290754,Second,False,True,False,False,True,False,False,True,False,False,True,False,True,False,False,True,False,1,True,False,False,False
1,1,0,1.3311806781441953,0,0,-0.1573379156875703,First,True,True,False,True,False,False,False,True,False,False,True,True,False,False,True,False,False,1,True,False,False,False
0,3,0,0.30798898999951874,0,0,-0.5118736008420088,Third,True,True,False,True,False,False,False,True,False,False,True,False,False,True,False,False,True,1,True,False,False,False
0,1,0,1.2580955575624326,0,0,0.07167297283110756,First,True,True,False,True,False,False,False,True,False,False,True,True,False,False,True,False,False,1,True,False,False,False
0,2,0,1.3311806781441953,0,0,-0.41701134994933475,Second,True,True,False,True,False,False,False,True,False,False,True,False,True,False,False,True,False,1,True,False,False,False
0,3,0,0.6003294723265692,0,0,-0.5310376919314379,Third,True,True,False,True,False,False,False,True,False,False,True,False,False,True,False,False,True,1,True,False,False,False
0,1,0,1.915861642798296,0,0,-0.1573379156875703,First,True,True,False,True,False,False,False,True,False,False,True,True,False,False,True,False,False,1,True,False,False,False
0,3,0,-0.012521477578764014,0,0,-0.5181019304460733,Third,True,True,False,True,False,False,True,False,False,True,False,False,False,True,False,False,True,1,False,False,False,False
1,3,1,-2.1220912693440876,2,1,-0.2970767186843606,Third,False,False,True,False,False,True,False,False,True,False,False,False,False,True,False,False,True,4,False,False,False,False
0,3,0,0.6003294723265692,0,0,-0.5001355950497335,Third,True,True,False,True,False,False,False,True,False,False,True,False,False,True,False,False,True,1,True,False,False,False
1,2,1,0.23490386941775612,1,2,-0.13434100638025537,Second,False,False,False,False,True,False,False,True,False,False,True,False,True,False,False,True,False,4,True,False,False,False
1,2,1,-0.49594733639986993,0,0,-0.4018391390338338,Second,False,True,False,False,True,True,False,False,True,False,False,False,True,False,False,True,False,1,False,False,False,False
0,3,1,-0.5690324569816325,0,0,-0.4776177880196543,Third,False,True,False,False,True,False,False,True,False,False,True,False,False,True,False,False,True,1,False,False,False,False
0,1,0,-0.012521477578764014,0,0,0.33038820253840057,First,True,True,False,True,False,False,False,True,False,False,True,True,False,False,True,False,False,1,False,False,False,False
0,3,0,-0.057436612909294284,1,0,-0.5311181811140135,Third,True,False,False,True,False,False,False,True,False,False,True,False,False,True,False,False,True,2,False,False,False,False
0,3,0,-0.5690324569816325,0,0,-0.5220152378465347,Third,True,True,False,True,False,False,False,True,False,False,True,False,False,True,False,False,True,1,False,False,False,False
1,3,1,-2.0307348686168845,0,1,-0.43066576485055297,Third,False,False,True,False,False,False,False,True,False,False,True,False,False,True,False,False,True,2,False,False,False,False
0,3,0,-1.5191390245445464,5,2,0.23265133798231205,Third,False,False,True,False,False,False,False,True,False,False,True,False,False,True,False,False,True,8,False,False,False,False
0,3,0,1.4773509193077203,0,0,-0.5118736008420088,Third,True,True,False,True,False,False,False,True,False,False,True,False,False,True,False,False,True,1,True,False,False,False
1,3,1,2.427457486870634,0,0,-0.48240881079201164,Third,False,True,False,False,True,False,False,True,False,False,True,False,False,True,False,False,True,1,True,False,False,False
1,1,0,-0.3497770952363447,1,0,1.0793055510404186,First,True,False,False,True,False,True,False,False,True,False,False,True,False,False,True,False,False,2,False,False,False,False
1,1,1,0.3810741105812813,1,0,1.0586236639367068,First,False,False,False,False,True,False,False,True,False,False,True,True,False,False,True,False,False,2,True,False,False,False
0,1,0,2.0620318839618212,0,0,-0.09697102875586863,First,True,True,False,True,False,True,False,False,True,False,False,True,False,False,True,False,False,1,True,False,False,False
1,3,0,-1.5191390245445464,1,1,-0.36143548578999035,Third,False,False,True,False,False,False,False,True,False,False,True,False,False,True,False,False,True,3,False,False,False,False
0,3,0,-0.6421175775633952,0,0,-0.5272048737135522,Third,True,True,False,True,False,False,False,True,False,False,True,False,False,True,False,False,True,1,False,False,False,False
0,1,0,1.8427765222165333,0,0,-0.08163975588432533,First,True,True,False,True,False,False,False,True,False,False,True,True,False,False,True,False,False,1,True,False,False,False
0,1,0,3.0121384515247347,0,0,0.2825584639974033,First,True,True,False,True,False,True,False,False,True,False,False,True,False,False,True,False,False,1,True,False,False,False
0,3,0,-0.012521477578764014,0,0,-0.38906435591362026,Third,True,True,False,True,False,True,False,False,True,False,False,False,False,True,False,False,True,1,False,False,False,False
1,1,1,1.769691401634771,1,0,0.8337656339571081,First,False,False,False,False,True,True,False,False,True,False,False,True,False,False,True,False,False,2,True,False,False,False
0,3,0,-0.012521477578764014,0,0,-0.3767667586615336,Third,True,True,False,True,False,False,False,True,False,False,True,False,False,True,False,False,True,1,False,False,False,False
0,1,1,-0.3497770952363447,1,2,2.2381734704910685,First,False,False,False,False,True,False,False,True,False,False,True,True,False,False,True,False,False,4,False,False,False,False
0,3,0,-0.4228622158181073,0,0,-0.5167451127969417,Third,True,True,False,True,False,False,False,True,False,False,True,False,False,True,False,False,True,1,False,False,False,False
0,3,1,-0.6421175775633952,0,0,-0.5176228281688375,Third,False,True,False,False,True,False,True,False,False,True,False,False,False,True,False,False,True,1,False,False,False,False
0,3,1,-0.012521477578764014,0,0,-0.5199378503724406,Third,False,True,False,False,True,False,True,False,False,True,False,False,False,True,False,False,True,1,False,False,False,False
0,3,1,0.5272443517448065,0,0,-0.48240881079201164,Third,False,True,False,False,True,False,False,True,False,False,True,False,False,True,False,False,True,1,True,False,False,False
1,1,1,-1.0075431804722081,0,0,0.9915493451237049,First,False,True,False,False,True,False,False,True,False,False,True,True,False,False,True,False,False,1,False,False,False,False
0,1,0,-0.861372939308683,1,0,1.420824985526917,First,True,False,False,True,False,True,False,False,True,False,False,True,False,False,True,False,False,2,False,False,False,False
1,2,1,0.23490386941775612,0,2,-0.16787816578675632,Second,False,False,False,False,True,False,False,True,False,False,True,False,True,False,False,True,False,3,True,False,False,False
1,1,0,-0.012521477578764014,0,0,-0.1573379156875703,First,True,True,False,True,False,False,False,True,False,False,True,True,False,False,True,False,False,1,False,False,False,False
0,3,0,-0.1305217334910569,0,0,-0.23447338232252252,Third,True,True,False,True,False,False,False,True,False,False,True,False,False,True,False,False,True,1,False,False,False,False
1,3,0,-0.2766919746545821,0,0,0.416546123258256,Third,True,True,False,True,False,False,False,True,False,False,True,False,False,True,False,False,True,1,False,False,False,False
1,3,0,-0.057436612909294284,0,0,-0.5176228281688375,Third,True,True,False,True,False,False,True,False,False,True,False,False,False,True,False,False,True,1,False,False,False,False
1,1,0,0.45415923116304396,0,0,-0.16236848959854544,First,True,True,False,True,False,False,False,True,False,False,True,True,False,False,True,False,False,1,True,False,False,False
1,1,1,1.769691401634771,1,0,0.47220247660017595,First,False,False,False,False,True,True,False,False,True,False,False,True,False,False,True,False,False,2,True,False,False,False
0,3,0,-0.4228622158181073,0,0,-0.5224943401237705,Third,True,True,False,True,False,False,False,True,False,False,True,False,False,True,False,False,True,1,False,False,False,False
0,1,0,1.2580955575624326,0,0,-0.014166823976663292,First,True,True,False,True,False,False,False,True,False,False,True,True,False,False,True,False,False,1,True,False,False,False
1,2,1,0.30798898999951874,0,0,-0.46492157767290754,Second,False,True,False,False,True,False,False,True,False,False,True,False,True,False,False,True,False,1,True,False,False,False
0,3,0,-0.012521477578764014,0,0,-0.2033317343022002,Third,True,True,False,True,False,False,True,False,False,True,False,False,False,True,False,False,True,1,False,False,False,False
1,2,1,0.45415923116304396,1,0,-0.16787816578675632,Second,False,False,False,False,True,False,False,True,False,False,True,False,True,False,False,True,False,2,True,False,False,False
0,3,0,0.16181874883599354,0,0,-0.5148287036879988,Third,True,True,False,True,False,False,False,True,False,False,True,False,False,True,False,False,True,1,True,False,False,False
1,1,1,0.01564850767246832,0,0,1.1256979827497087,First,False,True,False,False,True,False,False,True,False,False,True,True,False,False,True,False,False,1,True,False,False,False
1,1,1,1.0388401958171447,0,1,0.44497413598031504,First,False,False,False,False,True,True,False,False,True,False,False,True,False,False,True,False,False,2,True,False,False,False
0,3,0,-0.012521477578764014,0,0,-0.5276034868082123,Third,True,True,False,True,False,True,False,False,True,False,False,False,False,True,False,False,True,1,False,False,False,False
0,3,0,0.7830422737809757,0,0,-0.5176228281688375,Third,True,True,False,True,False,False,True,False,False,True,False,False,False,True,False,False,True,1,True,False,False,False
0,1,0,-0.012521477578764014,0,0,3.5840522564288033,First,True,True,False,True,False,False,False,True,False,False,True,True,False,False,True,False,False,1,False,False,False,False
0,3,0,0.6734145929083317,0,0,-0.5142691122281875,Third,True,True,False,True,False,False,False,True,False,False,True,False,False,True,False,False,True,1,True,False,False,False
0,2,0,-0.49594733639986993,2,1,-0.4457574865834784,Second,True,False,False,True,False,False,False,True,False,False,True,False,True,False,False,True,False,4,False,False,False,False
1,2,1,-2.0307348686168845,1,1,-0.16787816578675632,Second,False,False,True,False,False,False,False,True,False,False,True,False,True,False,False,True,False,3,False,False,False,False
0,3,0,-0.9344580598904455,1,1,-0.5276034868082123,Third,True,False,False,True,False,True,False,False,True,False,False,False,False,True,False,False,True,3,False,False,False,False
1,3,1,-0.012521477578764014,0,2,-0.23766803630713032,Third,False,False,False,False,True,True,False,False,True,False,False,False,False,True,False,False,True,3,False,False,False,False
0,3,1,0.01564850767246832,0,0,-0.5001355950497335,Third,False,True,False,False,True,False,False,True,False,False,True,False,False,True,False,False,True,1,True,False,False,False
1,2,1,-1.6653092657080715,0,2,-0.16308714301439906,Second,False,False,True,False,False,False,False,True,False,False,True,False,True,False,False,True,False,3,False,False,False,False
0,1,0,1.1119253163989073,0,0,-0.1573379156875703,First,True,True,False,True,False,False,False,True,False,False,True,True,False,False,True,False,False,1,True,False,False,False
1,1,1,0.01564850767246832,0,0,1.3733938600805797,First,False,True,False,False,True,True,False,False,True,False,False,True,False,False,True,False,False,1,True,False,False,False
0,3,0,-0.012521477578764014,0,0,-0.3882652133151911,Third,True,True,False,True,False,False,False,True,False,False,True,False,False,True,False,False,True,1,False,False,False,False
1,1,1,-0.5690324569816325,0,2,0.2824779748148278,First,False,False,False,False,True,True,False,False,True,False,False,True,False,False,True,False,False,3,False,False,False,False
1,1,1,0.45415923116304396,0,2,0.6945059332375536,First,False,False,False,False,True,False,False,True,False,False,True,True,False,False,True,False,False,3,True,False,False,False
0,3,1,-1.5191390245445464,4,2,-0.0667875852900178,Third,False,False,True,False,False,False,False,True,False,False,True,False,False,True,False,False,True,7,False,False,False,False
0,3,1,-1.3729687833810211,4,2,-0.0667875852900178,Third,False,False,True,False,False,False,False,True,False,False,True,False,False,True,False,False,True,7,False,False,False,False
1,2,0,0.16181874883599354,1,0,-0.16787816578675632,Second,True,False,False,True,False,False,False,True,False,False,True,False,True,False,False,True,False,2,True,False,False,False
0,1,0,1.4773509193077203,1,0,1.3733938600805797,First,True,False,False,True,False,True,False,False,True,False,False,True,False,False,True,False,False,2,True,False,False,False
0,1,0,2.5005426074523966,0,0,-0.16787816578675632,First,True,True,False,True,False,False,False,True,False,False,True,True,False,False,True,False,False,1,True,False,False,False
1,2,1,-0.7882878187269203,1,0,-0.16787816578675632,Second,False,False,False,False,True,False,False,True,False,False,True,False,True,False,False,True,False,2,False,False,False,False
1,2,0,-0.012521477578764014,0,0,-0.40048232138470213,Second,True,True,False,True,False,True,False,False,True,False,False,False,True,False,False,True,False,1,False,False,False,False
0,3,0,0.23490386941775612,1,1,-0.2728015645013807,Third,True,False,False,True,False,False,False,True,False,False,True,False,False,True,False,False,True,3,True,False,False,False
1,2,0,-1.592224145126309,1,1,0.03813581342460661,Second,False,False,True,False,False,False,False,True,False,False,True,False,True,False,False,True,False,3,False,False,False,False
1,1,0,-0.9344580598904455,0,2,1.4588331273845818,First,True,False,False,True,False,True,False,False,True,False,False,True,False,False,True,False,False,3,False,False,False,False
0,2,0,-0.2036068540728195,0,0,-0.16787816578675632,Second,True,True,False,True,False,False,False,True,False,False,True,False,True,False,False,True,False,1,False,False,False,False
0,3,0,-0.012521477578764014,0,0,-0.5161050321545548,Third,True,True,False,True,False,False,True,False,False,True,False,False,False,True,False,False,True,1,False,False,False,False
1,3,0,-0.5690324569816325,0,0,-0.5276839759907879,Third,True,True,False,True,False,True,False,False,True,False,False,False,False,True,False,False,True,1,False,False,False,False
1,3,1,-0.5690324569816325,0,0,-0.5171437258916018,Third,False,True,False,False,True,False,False,True,False,False,True,False,False,True,False,False,True,1,False,False,False,False
1,1,1,1.3311806781441953,1,0,0.0927534730294796,First,False,False,False,False,True,True,False,False,True,False,False,True,False,False,True,False,False,2,True,False,False,False
0,1,0,-0.012521477578764014,0,0,3.6941652910104454,First,True,True,False,True,False,True,False,False,True,False,False,True,False,False,True,False,False,1,False,False,False,False
1,1,1,0.6734145929083317,1,1,0.8602753211611156,First,False,False,False,False,True,False,False,True,False,False,True,True,False,False,True,False,False,3,True,False,False,False
1,3,1,0.45415923116304396,1,0,-0.3326893491558467,Third,False,False,False,False,True,False,False,True,False,False,True,False,False,True,False,False,True,2,True,False,False,False
0,3,0,-0.012521477578764014,0,0,-0.5176228281688375,Third,True,True,False,True,False,False,True,False,False,True,False,False,False,True,False,False,True,1,False,False,False,False
0,3,0,0.7464997134900944,0,0,-0.5148287036879988,Third,True,True,False,True,False,False,False,True,False,False,True,False,False,True,False,False,True,1,True,False,False,False
0,2,0,-0.1305217334910569,0,0,-0.4074293044046202,Second,True,True,False,True,False,False,False,True,False,False,True,False,True,False,False,True,False,1,False,False,False,False
0,3,0,-0.4228622158181073,2,0,-0.2033317343022002,Third,True,False,False,True,False,False,False,True,False,False,True,False,False,True,False,False,True,3,False,False,False,False
0,3,0,-0.7882878187269203,0,0,-0.5148287036879988,Third,True,True,False,True,False,False,False,True,False,False,True,False,False,True,False,False,True,1,False,False,False,False
0,3,1,-0.057436612909294284,0,4,-0.2622613144021947,Third,False,False,False,False,True,False,False,True,False,False,True,False,False,True,False,False,True,5,False,False,False,False
1,3,0,0.16181874883599354,0,0,-0.5156259298773191,Third,True,True,False,True,False,False,False,True,False,False,True,False,False,True,False,False,True,1,True,False,False,False
1,2,0,2.3543723662888714,0,0,-0.46492157767290754,Second,True,True,False,True,False,False,False,True,False,False,True,False,True,False,False,True,False,1,True,False,False,False
1,1,1,1.6966062810530083,2,0,0.3204075438990258,First,False,False,False,False,True,False,False,True,False,False,True,True,False,False,True,False,False,3,True,False,False,False
1,1,0,0.45415923116304396,0,0,-0.16045208048960255,First,True,True,False,True,False,False,False,True,False,False,True,True,False,False,True,False,False,1,True,False,False,False
0,3,0,-1.0075431804722081,0,0,-0.5118736008420088,Third,True,True,False,True,False,False,False,True,False,False,True,False,False,True,False,False,True,1,False,False,False,False
0,3,0,-0.7882878187269203,0,0,-0.3882652133151911,Third,True,True,False,True,False,False,False,True,False,False,True,False,False,True,False,False,True,1,False,False,False,False
1,2,1,0.30798898999951874,0,0,-0.41701134994933475,Second,False,True,False,False,True,False,False,True,False,False,True,False,True,False,False,True,False,1,True,False,False,False
1,1,1,0.6734145929083317,1,0,0.40512815778717404,First,False,False,False,False,True,False,False,True,False,False,True,True,False,False,True,False,False,2,True,False,False,False
0,3,1,-0.012521477578764014,1,0,-0.38906435591362026,Third,False,False,False,False,True,True,False,False,True,False,False,False,False,True,False,False,True,2,False,False,False,False
1,3,0,0.16181874883599354,0,0,-0.5142691122281875,Third,True,True,False,True,False,False,False,True,False,False,True,False,False,True,False,False,True,1,True,False,False,False
1,2,1,-0.3497770952363447,1,1,-0.09122180142903988,Second,False,False,False,False,True,False,False,True,False,False,True,False,True,False,False,True,False,3,False,False,False,False
1,1,1,0.6734145929083317,1,1,1.4588331273845818,First,False,False,False,False,True,True,False,False,True,False,False,True,False,False,True,False,False,3,True,False,False,False
0,2,0,1.769691401634771,0,0,-0.16787816578675632,Second,True,True,False,True,False,False,False,True,False,False,True,False,True,False,False,True,False,1,True,False,False,False
0,1,0,0.45415923116304396,0,0,0.10281462085142987,First,True,True,False,True,False,True,False,False,True,False,False,True,False,False,True,False,False,1,True,False,False,False
0,3,0,-0.012521477578764014,0,0,-0.4991773904952621,Third,True,True,False,True,False,True,False,False,True,False,False,False,False,True,False,False,True,1,False,False,False,False
1,1,1,-0.861372939308683,0,2,0.8602753211611156,First,False,False,False,False,True,False,False,True,False,False,True,True,False,False,True,False,False,3,False,False,False,False
0,2,0,1.2580955575624326,0,0,-0.37868316777047656,Second,True,True,False,True,False,False,False,True,False,False,True,False,True,False,False,True,False,1,True,False,False,False
1,1,0,2.2082021251253465,1,1,0.8516514801708724,First,True,False,False,True,False,True,False,False,True,False,False,True,False,False,True,False,False,3,True,False,False,False
0,3,0,0.3810741105812813,0,0,-0.5296003850997307,Third,True,True,False,True,False,False,False,True,False,False,True,False,False,True,False,False,True,1,True,False,False,False
1,1,1,1.6235211604712456,1,0,0.8337656339571081,First,False,False,False,False,True,True,False,False,True,False,False,True,False,False,True,False,False,2,True,False,False,False
0,3,0,1.2580955575624326,0,0,-0.5272048737135522,Third,True,True,False,True,False,False,False,True,False,False,True,False,False,True,False,False,True,1,True,False,False,False
0,3,1,-0.012521477578764014,0,2,-0.5176228281688375,Third,False,False,False,False,True,False,True,False,False,True,False,False,False,True,False,False,True,3,False,False,False,False
0,2,0,0.5272443517448065,1,0,-0.16787816578675632,Second,True,False,False,True,False,False,False,True,False,False,True,False,True,False,False,True,False,2,True,False,False,False
0,3,0,0.45415923116304396,1,1,-0.2033317343022002,Third,True,False,False,True,False,False,False,True,False,False,True,False,False,True,False,False,True,3,True,False,False,False
1,2,1,-0.012521477578764014,0,0,-0.03372952816075255,Second,False,True,False,False,True,False,False,True,False,False,True,False,True,False,False,True,False,1,False,False,False,False
0,3,0,1.4042657987259577,0,0,-0.6661445341119132,Third,True,True,False,True,False,False,False,True,False,False,True,False,False,True,False,False,True,1,True,False,False,False
1,1,0,1.4042657987259577,1,0,0.42485184033641454,First,True,False,False,True,False,True,False,False,True,False,False,True,False,False,True,False,False,2,True,False,False,False
1,2,1,-0.4228622158181073,2,1,-0.14871407469732723,Second,False,False,False,False,True,False,False,True,False,False,True,False,True,False,False,True,False,4,False,False,False,False
0,1,0,-0.012521477578764014,0,0,0.14641292807988107,First,True,True,False,True,False,False,False,True,False,False,True,True,False,False,True,False,False,1,False,False,False,False
0,3,0,1.0388401958171447,0,0,-0.5118736008420088,Third,True,True,False,True,False,False,False,True,False,False,True,False,False,True,False,False,True,1,True,False,False,False
1,1,0,0.3810741105812813,0,0,-0.1573379156875703,First,True,True,False,True,False,True,False,False,True,False,False,True,False,False,True,False,False,1,True,False,False,False
0,3,0,0.45415923116304396,1,0,-0.36814291767129054,Third,True,False,False,True,False,False,False,True,False,False,True,False,False,True,False,False,True,2,True,False,False,False
0,3,0,0.01564850767246832,0,0,-0.5148287036879988,Third,True,True,False,True,False,False,False,True,False,False,True,False,False,True,False,False,True,1,True,False,False,False
1,1,0,-0.2036068540728195,0,0,-0.08163975588432533,First,True,True,False,True,False,False,False,True,False,False,True,True,False,False,True,False,False,1,False,False,False,False
1,2,1,-0.5690324569816325,1,2,0.13068304211367768,Second,False,False,False,False,True,True,False,False,True,False,False,False,True,False,False,True,False,4,False,False,False,False
1,1,1,0.7464997134900944,0,0,2.274824794699602,First,False,True,False,False,True,False,False,True,False,False,True,True,False,False,True,False,False,1,True,False,False,False
0,3,1,0.6734145929083317,1,5,-0.0667875852900178,Third,False,False,False,False,True,False,False,True,False,False,True,False,False,True,False,False,True,7,True,False,False,False
0,3,0,-0.012521477578764014,0,0,-0.5310376919314379,Third,True,True,False,True,False,False,False,True,False,False,True,False,False,True,False,False,True,1,False,False,False,False
1,2,1,-0.4228622158181073,1,2,0.579521386700979,Second,False,False,False,False,True,False,False,True,False,False,True,False,True,False,False,True,False,4,False,False,False,False
0,3,0,0.30798898999951874,1,1,-0.390181622424134,Third,True,False,False,True,False,False,False,True,False,False,True,False,False,True,False,False,True,3,True,False,False,False
0,3,1,-0.2766919746545821,1,0,-0.3576026675721045,Third,False,False,False,False,True,False,False,True,False,False,True,False,False,True,False,False,True,2,False,False,False,False
1,2,1,-1.8845646274533594,2,1,0.08125501837582211,Second,False,False,True,False,False,False,False,True,False,False,True,False,True,False,False,True,False,4,False,False,False,False
0,2,0,-0.2766919746545821,0,0,-0.46492157767290754,Second,True,True,False,True,False,False,False,True,False,False,True,False,True,False,False,True,False,1,False,False,False,False
0,3,0,-0.2036068540728195,1,0,-0.38914292868708694,Third,True,False,False,True,False,True,False,False,True,False,False,False,False,True,False,False,True,2,False,False,False,False
1,1,0,0.8926699546536195,1,0,0.34100894182016217,First,True,False,False,True,False,False,False,True,False,False,True,True,False,False,True,False,False,2,True,False,False,False
1,3,0,-0.7152026981451577,1,1,-0.36446916140944696,Third,True,False,False,True,False,True,False,False,True,False,False,False,False,True,False,False,True,3,False,False,False,False
0,3,0,-0.6421175775633952,0,0,-0.5156259298773191,Third,True,True,False,True,False,False,False,True,False,False,True,False,False,True,False,False,True,1,False,False,False,False
0,3,0,-0.6421175775633952,0,0,-0.3576026675721045,Third,True,True,False,True,False,False,False,True,False,False,True,False,False,True,False,False,True,1,False,False,False,False
0,1,0,2.281287245707109,0,0,-0.04674577882869283,First,True,True,False,True,False,False,False,True,False,False,True,True,False,False,True,False,False,1,True,False,False,False
0,2,0,1.9889467633800586,0,0,-0.42946800915746364,Second,True,True,False,True,False,False,True,False,False,True,False,False,True,False,False,True,False,1,True,False,False,False
1,1,1,-0.6421175775633952,0,0,0.8278554282651281,First,False,True,False,False,True,False,False,True,False,False,True,True,False,False,True,False,False,1,False,False,False,False
0,3,0,-0.2766919746545821,0,0,-0.5148287036879988,Third,True,True,False,True,False,False,False,True,False,False,True,False,False,True,False,False,True,1,False,False,False,False
0,3,0,-0.012521477578764014,0,0,-0.517942868490031,Third,True,True,False,True,False,False,True,False,False,True,False,False,False,True,False,False,True,1,False,False,False,False
1,1,0,3.669904536760598,0,0,-0.09122180142903988,First,True,True,False,True,False,False,False,True,False,False,True,True,False,False,True,False,False,1,True,False,False,False
0,3,0,1.550436039889483,0,0,-0.5309572027488624,Third,True,True,False,True,False,False,False,True,False,False,True,False,False,True,False,False,True,1,True,False,False,False
1,1,0,0.16181874883599354,0,0,-0.08163975588432533,First,True,True,False,True,False,True,False,False,True,False,False,True,False,False,True,False,False,1,True,False,False,False
0,1,0,-0.012521477578764014,0,0,-0.6661445341119132,First,True,True,False,True,False,False,False,True,False,False,True,True,False,False,True,False,False,1,False,False,False,False
0,3,1,-1.5191390245445464,3,2,-0.13146639271684105,Third,False,False,True,False,False,False,False,True,False,False,True,False,False,True,False,False,True,6,False,False,False,False
0,2,0,0.08873362825423092,1,1,-0.16308714301439906,Second,True,False,False,True,False,False,False,True,False,False,True,False,True,False,False,True,False,3,True,False,False,False
0,3,1,0.819584834071857,0,5,0.09443033099980462,Third,False,False,False,False,True,False,False,True,False,False,True,False,False,True,False,False,True,6,True,False,False,False
0,3,0,-0.012521477578764014,1,0,-0.3576026675721045,Third,True,False,False,True,False,False,False,True,False,False,True,False,False,True,False,False,True,2,False,False,False,False
0,3,1,-2.0307348686168845,3,2,-0.13146639271684105,Third,False,False,True,False,False,False,False,True,False,False,True,False,False,True,False,False,True,6,False,False,False,False
1,3,0,-0.012521477578764014,0,0,0.416546123258256,Third,True,True,False,True,False,False,False,True,False,False,True,False,False,True,False,False,True,1,False,False,False,False
1,1,0,1.3311806781441953,1,0,0.804300843907111,First,True,False,False,True,False,True,False,False,True,False,False,True,False,False,True,False,False,2,True,False,False,False
1,1,0,1.915861642798296,0,0,0.014180699562820224,First,True,True,False,True,False,True,False,False,True,False,False,True,False,False,True,False,False,1,True,False,False,False
0,3,0,-0.012521477578764014,0,0,-0.5214556463867234,Third,True,True,False,True,False,False,False,True,False,False,True,False,False,True,False,False,True,1,False,False,False,False
1,3,1,-0.49594733639986993,0,0,-0.5214556463867234,Third,False,True,False,False,True,False,False,True,False,False,True,False,False,True,False,False,True,1,False,False,False,False
1,2,1,-0.861372939308683,0,1,-0.22537043905504364,Second,False,False,False,False,True,False,False,True,False,False,True,False,True,False,False,True,False,2,False,False,False,False
0,3,0,-0.6421175775633952,0,0,-0.5045280047274306,Third,True,True,False,True,False,False,False,True,False,False,True,False,False,True,False,False,True,1,False,False,False,False
1,3,1,-0.012521477578764014,0,0,-0.5161050321545548,Third,False,True,False,False,True,False,True,False,False,True,False,False,False,True,False,False,True,1,False,False,False,False
0,3,1,-0.861372939308683,0,0,-0.5367869192582667,Third,False,True,False,False,True,False,True,False,False,True,False,False,False,True,False,False,True,1,False,False,False,False
0,2,0,-0.4228622158181073,2,0,0.7424161609611264,Second,True,False,False,True,False,False,False,True,False,False,True,False,True,False,False,True,False,3,False,False,False,False
0,3,1,0.16181874883599354,1,1,-0.36910112222576197,Third,False,False,False,False,True,False,True,False,False,True,False,False,False,True,False,False,True,3,True,False,False,False
0,2,0,-0.49594733639986993,0,0,-0.41701134994933475,Second,True,True,False,True,False,False,False,True,False,False,True,False,True,False,False,True,False,1,False,False,False,False
0,1,0,2.0620318839618212,0,2,1.5046678840431693,First,True,False,False,True,False,True,False,False,True,False,False,True,False,False,True,False,False,3,True,False,False,False
1,1,0,1.4773509193077203,2,0,1.8951362399902876,First,True,False,False,True,False,False,False,True,False,False,True,True,False,False,True,False,False,3,True,False,False,False
0,3,0,0.7464997134900944,0,0,-0.5276839759907879,Third,True,True,False,True,False,True,False,False,True,False,False,False,False,True,False,False,True,1,True,False,False,False
0,1,0,1.2580955575624326,0,0,-0.17578335336114587,First,True,True,False,True,False,False,False,True,False,False,True,True,False,False,True,False,False,1,True,False,False,False
0,3,0,0.45415923116304396,0,0,-0.5224943401237705,Third,True,True,False,True,False,False,False,True,False,False,True,False,False,True,False,False,True,1,True,False,False,False
1,3,0,-0.7152026981451577,1,0,-0.5142691122281875,Third,True,False,False,True,False,False,False,True,False,False,True,False,False,True,False,False,True,2,False,False,False,False
0,2,0,0.16181874883599354,2,0,0.7424161609611264,Second,True,False,False,True,False,False,False,True,False,False,True,False,True,False,False,True,False,3,True,False,False,False
0,3,0,-0.012521477578764014,0,0,-0.5171437258916018,Third,True,True,False,True,False,False,False,True,False,False,True,False,False,True,False,False,True,1,False,False,False,False
0,3,0,0.9657550752353822,0,0,-0.5118736008420088,Third,True,True,False,True,False,False,False,True,False,False,True,False,False,True,False,False,True,1,True,False,False,False
1,1,1,-0.012521477578764014,1,0,0.33038820253840057,First,False,False,False,False,True,False,False,True,False,False,True,True,False,False,True,False,False,2,False,False,False,False
1,2,1,0.7464997134900944,1,1,0.08125501837582211,Second,False,False,False,False,True,False,False,True,False,False,True,False,True,False,False,True,False,3,True,False,False,False
0,1,0,0.08873362825423092,1,0,0.33038820253840057,First,True,False,False,True,False,False,False,True,False,False,True,True,False,False,True,False,False,2,True,False,False,False
0,2,0,2.939053330942972,0,0,-0.46492157767290754,Second,True,True,False,True,False,False,False,True,False,False,True,False,True,False,False,True,False,1,True,False,False,False
1,2,0,0.08873362825423092,0,0,-0.41701134994933475,Second,True,True,False,True,False,False,False,True,False,False,True,False,True,False,False,True,False,1,True,False,False,False
0,3,0,-0.861372939308683,0,0,-0.5171437258916018,Third,True,True,False,True,False,False,False,True,False,False,True,False,False,True,False,False,True,1,False,False,False,False
0,3,0,-0.386319655527226,0,0,-0.5118736008420088,Third,True,True,False,True,False,False,False,True,False,False,True,False,False,True,False,False,True,1,False,False,False,False
1,3,1,-0.861372939308683,0,0,-0.47753729883707874,Third,False,True,False,False,True,False,False,True,False,False,True,False,False,True,False,False,True,1,False,False,False,False
0,3,1,0.9657550752353822,1,6,0.23265133798231205,Third,False,False,False,False,True,False,False,True,False,False,True,False,False,True,False,False,True,8,True,False,False,False
1,1,0,0.45415923116304396,0,1,9.152178922462431,First,True,False,False,True,False,True,False,False,True,False,False,True,False,False,True,False,False,2,True,False,False,False
0,3,1,-0.012521477578764014,0,0,-0.5101967428716838,Third,False,True,False,False,True,False,True,False,False,True,False,False,False,True,False,False,True,1,False,False,False,False
1,1,0,-0.2036068540728195,0,0,0.804300843907111,First,True,True,False,True,False,True,False,False,True,False,False,True,False,False,True,False,False,1,False,False,False,False
0,3,0,-0.7152026981451577,0,0,-0.4893557938119296,Third,True,True,False,True,False,False,False,True,False,False,True,False,False,True,False,False,True,1,False,False,False,False
0,3,0,-1.1537134216357334,5,2,0.23265133798231205,Third,False,False,True,False,False,False,False,True,False,False,True,False,False,True,False,False,True,8,False,False,False,False
0,2,0,2.2082021251253465,1,1,0.08125501837582211,Second,True,False,False,True,False,False,False,True,False,False,True,False,True,False,False,True,False,3,True,False,False,False
0,2,0,-0.3497770952363447,1,2,0.13068304211367768,Second,True,False,False,True,False,True,False,False,True,False,False,False,True,False,False,True,False,4,False,False,False,False
0,3,0,-1.1537134216357334,4,1,0.09443033099980462,Third,False,False,True,False,False,False,False,True,False,False,True,False,False,True,False,False,True,6,False,False,False,False
0,3,0,-0.7882878187269203,0,0,-0.4712303964595476,Third,True,True,False,True,False,False,False,True,False,False,True,False,False,True,False,False,True,1,False,False,False,False
0,3,0,-0.861372939308683,0,0,-0.5167451127969417,Third,True,True,False,True,False,False,False,True,False,False,True,False,False,True,False,False,True,1,False,False,False,False
1,1,1,-1.0806283010539708,0,1,3.3839465665003114,First,False,False,True,False,False,False,False,True,False,False,True,True,False,False,True,False,False,2,False,False,False,False
1,1,0,0.08873362825423092,1,0,0.4262086579855461,First,True,False,False,True,False,False,False,True,False,False,True,True,False,False,True,False,False,2,True,False,False,False
1,3,1,-1.8845646274533594,0,1,-0.40902567319236965,Third,False,False,True,False,False,True,False,False,True,False,False,False,False,True,False,False,True,2,False,False,False,False
0,3,0,-0.3497770952363447,0,0,-0.5276839759907879,Third,True,True,False,True,False,True,False,False,True,False,False,False,False,True,False,False,True,1,False,False,False,False
0,1,0,2.2082021251253465,0,0,-0.1573379156875703,First,True,True,False,True,False,False,False,True,False,False,True,True,False,False,True,False,False,1,True,False,False,False
0,2,0,1.6235211604712456,0,0,-0.4074293044046202,Second,True,True,False,True,False,False,False,True,False,False,True,False,True,False,False,True,False,1,True,False,False,False
1,3,1,-0.012521477578764014,0,0,-0.517942868490031,Third,False,True,False,False,True,False,True,False,False,True,False,False,False,True,False,False,True,1,False,False,False,False
0,1,0,1.4042657987259577,1,1,1.4588331273845818,First,True,False,False,True,False,True,False,False,True,False,False,True,False,False,True,False,False,3,True,False,False,False
0,3,0,0.8926699546536195,0,0,-0.5195392372777805,Third,True,True,False,True,False,False,False,True,False,False,True,False,False,True,False,False,True,1,True,False,False,False
1,1,1,-0.861372939308683,1,0,3.6941652910104454,First,False,False,False,False,True,True,False,False,True,False,False,True,False,False,True,False,False,2,False,False,False,False
1,1,0,0.3810741105812813,0,0,-0.16236848959854544,First,True,True,False,True,False,False,False,True,False,False,True,True,False,False,True,False,False,1,True,False,False,False
0,3,1,-0.861372939308683,0,1,-0.38914292868708694,Third,False,False,False,False,True,True,False,False,True,False,False,False,False,True,False,False,True,2,False,False,False,False
0,3,0,-0.3497770952363447,0,0,-0.5177818901248799,Third,True,True,False,True,False,False,True,False,False,True,False,False,False,True,False,False,True,1,False,False,False,False
0,3,0,-0.2766919746545821,1,0,-0.5156259298773191,Third,True,False,False,True,False,False,False,True,False,False,True,False,False,True,False,False,True,2,False,False,False,False
0,2,0,0.6734145929083317,0,0,-0.16787816578675632,Second,True,True,False,True,False,False,False,True,False,False,True,False,True,False,False,True,False,1,True,False,False,False
1,2,1,1.1119253163989073,0,0,-0.4074293044046202,Second,False,True,False,False,True,False,False,True,False,False,True,False,True,False,False,True,False,1,True,False,False,False
1,1,0,0.8926699546536195,0,0,-0.16236848959854544,First,True,True,False,True,False,False,False,True,False,False,True,True,False,False,True,False,False,1,True,False,False,False
1,1,1,-0.5690324569816325,0,0,2.2381734704910685,First,False,True,False,False,True,False,False,True,False,False,True,True,False,False,True,False,False,1,False,False,False,False
1,1,1,-0.4228622158181073,0,0,0.2825584639974033,First,False,True,False,False,True,True,False,False,True,False,False,True,False,False,True,False,False,1,False,False,False,False
0,1,0,-0.012521477578764014,0,0,-0.1573379156875703,First,True,True,False,True,False,False,False,True,False,False,True,True,False,False,True,False,False,1,False,False,False,False
1,1,0,1.3311806781441953,1,0,0.33038820253840057,First,True,False,False,True,False,False,False,True,False,False,True,True,False,False,True,False,False,2,True,False,False,False
0,3,0,-0.057436612909294284,0,0,-0.4844057090835301,Third,True,True,False,True,False,False,False,True,False,False,True,False,False,True,False,False,True,1,False,False,False,False
0,2,0,1.6235211604712456,0,0,-0.41701134994933475,Second,True,True,False,True,False,False,False,True,False,False,True,False,True,False,False,True,False,1,True,False,False,False
0,3,0,-0.7882878187269203,0,0,-0.5195392372777805,Third,True,True,False,True,False,False,False,True,False,False,True,False,False,True,False,False,True,1,False,False,False,False
1,1,1,0.6003294723265692,0,0,3.6941652910104454,First,False,True,False,False,True,True,False,False,True,False,False,True,False,False,True,False,False,1,True,False,False,False
1,2,1,-0.2036068540728195,0,0,-0.46492157767290754,Second,False,True,False,False,True,False,False,True,False,False,True,False,True,False,False,True,False,1,False,False,False,False
0,3,0,-0.012521477578764014,0,0,-0.36910112222576197,Third,True,True,False,True,False,False,True,False,False,True,False,False,False,True,False,False,True,1,False,False,False,False
0,3,0,0.23490386941775612,0,0,-0.5171437258916018,Third,True,True,False,True,False,False,False,True,False,False,True,False,False,True,False,False,True,1,True,False,False,False
1,2,1,-1.7383943862898341,0,1,-0.03372952816075255,Second,False,False,True,False,False,False,False,True,False,False,True,False,True,False,False,True,False,2,False,False,False,False
0,3,0,-0.9344580598904455,1,0,-0.5309572027488624,Third,True,False,False,True,False,False,False,True,False,False,True,False,False,True,False,False,True,2,False,False,False,False
0,2,0,0.30798898999951874,0,0,-0.41701134994933475,Second,True,True,False,True,False,False,False,True,False,False,True,False,True,False,False,True,False,1,True,False,False,False
0,2,0,1.4773509193077203,0,0,-0.41701134994933475,Second,True,True,False,True,False,False,False,True,False,False,True,False,True,False,False,True,False,1,True,False,False,False
1,1,0,-0.2036068540728195,1,0,0.3514687027367726,First,True,False,False,True,False,False,False,True,False,False,True,True,False,False,True,False,False,2,False,False,False,False
0,3,0,-0.7152026981451577,0,0,-0.5001355950497335,Third,True,True,False,True,False,False,False,True,False,False,True,False,False,True,False,False,True,1,False,False,False,False
1,2,1,0.01564850767246832,3,0,-0.26369862123390186,Second,False,False,False,False,True,False,False,True,False,False,True,False,True,False,False,True,False,4,True,False,False,False
1,3,1,-0.012521477578764014,0,0,-0.5178623793074555,Third,False,True,False,False,True,False,True,False,False,True,False,False,False,True,False,False,True,1,False,False,False,False
0,2,0,-0.3497770952363447,1,0,-0.16787816578675632,Second,True,False,False,True,False,False,False,True,False,False,True,False,True,False,False,True,False,2,False,False,False,False
0,3,1,-0.3497770952363447,1,0,-0.5142691122281875,Third,False,False,False,False,True,False,False,True,False,False,True,False,False,True,False,False,True,2,False,False,False,False
1,1,1,-0.057436612909294284,0,0,3.3839465665003114,First,False,True,False,False,True,False,False,True,False,False,True,True,False,False,True,False,False,1,False,False,False,False
0,3,0,-1.3729687833810211,0,0,-0.30609917276926374,Third,False,True,True,False,False,True,False,False,True,False,False,False,False,True,False,False,True,1,False,False,False,False
0,3,0,-0.09397917320017558,0,0,-0.3576026675721045,Third,True,True,False,True,False,False,False,True,False,False,True,False,False,True,False,False,True,1,False,False,False,False
0,3,1,1.3311806781441953,1,3,-0.007378902912787525,Third,False,False,False,False,True,False,False,True,False,False,True,False,False,True,False,False,True,5,True,False,False,False
1,1,0,0.3810741105812813,0,0,9.152178922462431,First,True,True,False,True,False,True,False,False,True,False,False,True,False,False,True,False,False,1,True,False,False,False
1,1,0,-0.012521477578764014,0,0,-0.09122180142903988,First,True,True,False,True,False,False,False,True,False,False,True,True,False,False,True,False,False,1,False,False,False,False
0,1,0,0.45415923116304396,1,0,0.844944048289572,First,True,False,False,True,False,False,False,True,False,False,True,True,False,False,True,False,False,2,True,False,False,False
1,1,1,-0.6421175775633952,2,2,4.362033865477049,First,False,False,False,False,True,True,False,False,True,False,False,True,False,False,True,False,False,5,False,False,False,False
0,3,0,-0.4228622158181073,1,0,-0.3576026675721045,Third,True,False,False,True,False,False,False,True,False,False,True,False,False,True,False,False,True,2,False,False,False,False
1,3,0,0.08873362825423092,0,0,-0.5142691122281875,Third,True,True,False,True,False,False,False,True,False,False,True,False,False,True,False,False,True,1,True,False,False,False
0,1,0,2.939053330942972,1,1,0.6945059332375536,First,True,False,False,True,False,False,False,True,False,False,True,True,False,False,True,False,False,3,True,False,False,False
0,3,0,-1.0075431804722081,1,1,-0.2780716895509737,Third,True,False,False,True,False,False,False,True,False,False,True,False,False,True,False,False,True,3,False,False,False,False
1,2,1,0.01564850767246832,0,0,-0.41701134994933475,Second,False,True,False,False,True,False,False,True,False,False,True,False,True,False,False,True,False,1,True,False,False,False
0,1,0,-0.7882878187269203,1,0,0.3514687027367726,First,True,False,False,True,False,False,False,True,False,False,True,True,False,False,True,False,False,2,False,False,False,False
0,3,0,0.08873362825423092,0,0,-0.5176228281688375,Third,True,True,False,True,False,False,True,False,False,True,False,False,False,True,False,False,True,1,True,False,False,False
1,2,1,-1.8845646274533594,1,1,-0.22537043905504364,Second,False,False,True,False,False,False,False,True,False,False,True,False,True,False,False,True,False,3,False,False,False,False
1,3,0,-1.7383943862898341,0,1,-0.42707249777128503,Third,False,False,True,False,False,False,False,True,False,False,True,False,False,True,False,False,True,2,False,False,False,False
0,3,0,0.23490386941775612,0,0,-0.48408566876233666,Third,True,True,False,True,False,False,False,True,False,False,True,False,False,True,False,False,True,1,True,False,False,False
0,3,0,-0.49594733639986993,0,0,-0.5148287036879988,Third,True,True,False,True,False,False,False,True,False,False,True,False,False,True,False,False,True,1,False,False,False,False
1,2,1,1.3311806781441953,1,2,0.579521386700979,Second,False,False,False,False,True,False,False,True,False,False,True,False,True,False,False,True,False,4,True,False,False,False
1,2,0,-2.1279380789906286,1,1,-0.3882652133151911,Second,False,False,True,False,False,False,False,True,False,False,True,False,True,False,False,True,False,3,False,False,False,False
0,3,0,-0.1305217334910569,0,0,-0.5167451127969417,Third,True,True,False,True,False,False,False,True,False,False,True,False,False,True,False,False,True,1,False,False,False,False
1,1,1,0.23490386941775612,0,0,0.9915493451237049,First,False,True,False,False,True,False,False,True,False,False,True,True,False,False,True,False,False,1,True,False,False,False
0,3,0,0.819584834071857,0,0,-0.5296003850997307,Third,True,True,False,True,False,False,False,True,False,False,True,False,False,True,False,False,True,1,True,False,False,False
1,3,0,-0.7152026981451577,0,0,-0.5276034868082123,Third,True,True,False,True,False,True,False,False,True,False,False,False,False,True,False,False,True,1,False,False,False,False
1,1,1,0.45415923116304396,1,2,1.63354639661958,First,False,False,False,False,True,False,False,True,False,False,True,True,False,False,True,False,False,4,True,False,False,False
0,3,0,-1.0075431804722081,0,0,-0.5171437258916018,Third,True,True,False,True,False,False,False,True,False,False,True,False,False,True,False,False,True,1,False,False,False,False
1,1,1,1.550436039889483,1,0,0.8278554282651281,First,False,False,False,False,True,False,False,True,False,False,True,True,False,False,True,False,False,2,True,False,False,False
0,1,0,-0.012521477578764014,0,0,0.0927534730294796,First,True,True,False,True,False,True,False,False,True,False,False,True,False,False,True,False,False,1,False,False,False,False
0,3,1,0.05219106796334962,0,0,-0.5176228281688375,Third,False,True,False,False,True,False,True,False,False,True,False,False,False,True,False,False,True,1,True,False,False,False
0,3,0,-0.012521477578764014,1,0,-0.2033317343022002,Third,True,False,False,True,False,False,True,False,False,True,False,False,False,True,False,False,True,2,False,False,False,False
0,3,0,0.16181874883599354,0,0,-0.5058848223765623,Third,True,True,False,True,False,False,False,True,False,False,True,False,False,True,False,False,True,1,True,False,False,False
0,3,0,-0.4228622158181073,0,0,-0.48408566876233666,Third,True,True,False,True,False,False,False,True,False,False,True,False,False,True,False,False,True,1,False,False,False,False
0,3,0,1.3311806781441953,0,0,-0.5156259298773191,Third,True,True,False,True,False,False,False,True,False,False,True,False,False,True,False,False,True,1,True,False,False,False
0,2,1,1.9889467633800586,0,0,-0.46492157767290754,Second,False,True,False,False,True,False,False,True,False,False,True,False,True,False,False,True,False,1,True,False,False,False
1,2,1,1.769691401634771,1,3,-0.22537043905504364,Second,False,False,False,False,True,False,False,True,False,False,True,False,True,False,False,True,False,5,True,False,False,False
0,3,0,-0.861372939308683,0,0,-0.5176228281688375,Third,True,True,False,True,False,False,False,True,False,False,True,False,False,True,False,False,True,1,False,False,False,False
1,3,1,-1.8114795068715968,0,0,-0.42707249777128503,Third,False,True,True,False,False,False,False,True,False,False,True,False,False,True,False,False,True,1,False,False,False,False
0,3,0,-0.012521477578764014,0,0,-0.5178623793074555,Third,True,True,False,True,False,False,True,False,False,True,False,False,False,True,False,False,True,1,False,False,False,False
1,1,1,0.9657550752353822,0,1,3.3839465665003114,First,False,False,False,False,True,False,False,True,False,False,True,True,False,False,True,False,False,2,True,False,False,False
1,3,1,-1.2267985422174958,0,0,-0.5276034868082123,Third,False,True,True,False,False,True,False,False,True,False,False,False,False,True,False,False,True,1,False,False,False,False
1,1,1,-0.9344580598904455,1,0,0.4262086579855461,First,False,False,False,False,True,False,False,True,False,False,True,True,False,False,True,False,False,2,False,False,False,False
0,1,0,-0.057436612909294284,0,0,-0.09122180142903988,First,True,True,False,True,False,False,False,True,False,False,True,True,False,False,True,False,False,1,False,False,False,False
0,3,0,-0.012521477578764014,1,2,-0.21674659806480057,Third,True,False,False,True,False,False,False,True,False,False,True,False,False,True,False,False,True,4,False,False,False,False
0,3,0,-0.3497770952363447,0,0,-0.5310376919314379,Third,True,True,False,True,False,False,False,True,False,False,True,False,False,True,False,False,True,1,False,False,False,False
0,3,0,-0.3497770952363447,0,0,-0.5272048737135522,Third,True,True,False,True,False,False,False,True,False,False,True,False,False,True,False,False,True,1,False,False,False,False
1,3,1,-0.861372939308683,0,0,-0.5224943401237705,Third,False,True,False,False,True,False,False,True,False,False,True,False,False,True,False,False,True,1,False,False,False,False
0,3,0,-1.592224145126309,4,1,-0.10799038113229036,Third,False,False,True,False,False,False,True,False,False,True,False,False,False,True,False,False,True,6,False,False,False,False
1,3,0,-2.103819989198647,1,2,-0.2718433599469093,Third,False,False,True,False,False,False,False,True,False,False,True,False,False,True,False,False,True,4,False,False,False,False
0,1,0,1.18501043698067,0,0,0.8516514801708724,First,True,True,False,True,False,True,False,False,True,False,False,True,False,False,True,False,False,1,True,False,False,False
0,2,0,-1.0075431804722081,0,0,-0.16787816578675632,Second,True,True,False,True,False,False,False,True,False,False,True,False,True,False,False,True,False,1,False,False,False,False
0,1,0,-0.012521477578764014,0,0,-0.07788742684901513,First,True,True,False,True,False,True,False,False,True,False,False,True,False,False,True,False,False,1,False,False,False,False
0,3,0,-0.3497770952363447,0,0,-0.5148287036879988,Third,True,True,False,True,False,False,False,True,False,False,True,False,False,True,False,False,True,1,False,False,False,False
0,2,0,0.6734145929083317,0,0,-0.41701134994933475,Second,True,True,False,True,False,False,False,True,False,False,True,False,True,False,False,True,False,1,True,False,False,False
1,1,1,1.4042657987259577,0,0,-0.1692349834358879,First,False,True,False,False,True,False,False,True,False,False,True,True,False,False,True,False,False,1,True,False,False,False
1,3,1,0.08873362825423092,0,0,-0.49973698195507343,Third,False,True,False,False,True,False,False,True,False,False,True,False,False,True,False,False,True,1,True,False,False,False
0,3,0,0.01564850767246832,0,0,-0.5276034868082123,Third,True,True,False,True,False,True,False,False,True,False,False,False,False,True,False,False,True,1,True,False,False,False
0,3,1,0.01564850767246832,1,1,-0.2033317343022002,Third,False,False,False,False,True,False,False,True,False,False,True,False,False,True,False,False,True,3,True,False,False,False
1,2,1,0.08873362825423092,1,1,-0.16308714301439906,Second,False,False,False,False,True,False,False,True,False,False,True,False,True,False,False,True,False,3,True,False,False,False
1,1,0,-1.3729687833810211,1,2,1.63354639661958,First,False,False,True,False,False,False,False,True,False,False,True,True,False,False,True,False,False,4,False,False,False,False
1,3,0,-2.1462093591360696,0,1,-0.5029297195305723,Third,False,False,True,False,False,True,False,False,True,False,False,False,False,True,False,False,True,2,False,False,False,False
1,3,0,-0.2036068540728195,0,0,-0.5324749987631451,Third,True,True,False,True,False,False,False,True,False,False,True,False,False,True,False,False,True,1,False,False,False,False
0,3,0,0.08873362825423092,0,0,-0.5171437258916018,Third,True,True,False,True,False,False,False,True,False,False,True,False,False,True,False,False,True,1,True,False,False,False
0,1,0,0.6734145929083317,0,0,-0.6661445341119132,First,True,True,False,True,False,False,False,True,False,False,True,True,False,False,True,False,False,1,True,False,False,False
0,3,1,-0.861372939308683,0,0,-0.5171437258916018,Third,False,True,False,False,True,False,False,True,False,False,True,False,False,True,False,False,True,1,False,False,False,False
1,1,1,0.23490386941775612,1,0,0.3514687027367726,First,False,False,False,False,True,False,False,True,False,False,True,True,False,False,True,False,False,2,True,False,False,False
0,3,0,-0.2766919746545821,0,0,-0.5149877656440411,Third,True,True,False,True,False,False,False,True,False,False,True,False,False,True,False,False,True,1,False,False,False,False
0,3,0,0.6734145929083317,0,0,-0.2033317343022002,Third,True,True,False,True,False,False,False,True,False,False,True,False,False,True,False,False,True,1,True,False,False,False
0,2,0,0.3810741105812813,0,0,-0.46492157767290754,Second,True,True,False,True,False,False,False,True,False,False,True,False,True,False,False,True,False,1,True,False,False,False
0,3,1,-1.7383943862898341,4,2,-0.0667875852900178,Third,False,False,True,False,False,False,False,True,False,False,True,False,False,True,False,False,True,7,False,False,False,False
0,3,0,0.05219106796334962,0,0,-0.5118736008420088,Third,True,True,False,True,False,False,False,True,False,False,True,False,False,True,False,False,True,1,True,False,False,False
0,3,1,-0.49594733639986993,0,0,-0.5142691122281875,Third,False,True,False,False,True,False,False,True,False,False,True,False,False,True,False,False,True,1,False,False,False,False
0,2,0,0.08873362825423092,1,1,0.04300732537953944,Second,True,False,False,True,False,True,False,False,True,False,False,False,True,False,False,True,False,3,True,False,False,False
0,3,0,0.9657550752353822,0,0,-0.5425361465850954,Third,True,True,False,True,False,False,False,True,False,False,True,False,False,True,False,False,True,1,True,False,False,False
0,3,0,-1.4460539039627838,3,2,-0.13146639271684105,Third,False,False,True,False,False,False,False,True,False,False,True,False,False,True,False,False,True,6,False,False,False,False
1,1,1,1.6235211604712456,1,1,1.1256979827497087,First,False,False,False,False,True,False,False,True,False,False,True,True,False,False,True,False,False,3,True,False,False,False
1,3,0,-0.2036068540728195,0,0,-0.5001355950497335,Third,True,True,False,True,False,False,False,True,False,False,True,False,False,True,False,False,True,1,False,False,False,False
0,1,0,0.6003294723265692,0,0,-0.6661445341119132,First,True,True,False,True,False,False,False,True,False,False,True,True,False,False,True,False,False,1,True,False,False,False
1,3,1,-0.2036068540728195,0,1,-0.42707249777128503,Third,False,False,False,False,True,False,False,True,False,False,True,False,False,True,False,False,True,2,False,False,False,False
0,3,0,-2.0307348686168845,4,1,0.09443033099980462,Third,False,False,True,False,False,False,False,True,False,False,True,False,False,True,False,False,True,6,False,False,False,False
0,3,0,-0.012521477578764014,0,0,-0.5329541010403809,Third,True,True,False,True,False,False,True,False,False,True,False,False,False,True,False,False,True,1,False,False,False,False
0,3,0,-0.012521477578764014,0,0,0.416546123258256,Third,True,True,False,True,False,False,False,True,False,False,True,False,False,True,False,False,True,1,False,False,False,False
1,2,0,-2.103819989198647,0,2,0.04300732537953944,Second,False,False,True,False,False,True,False,False,True,False,False,False,True,False,False,True,False,3,False,False,False,False
1,3,0,-0.012521477578764014,0,0,-0.5176228281688375,Third,True,True,False,True,False,False,True,False,False,True,False,False,False,True,False,False,True,1,False,False,False,False
1,1,1,2.3543723662888714,0,0,0.8669827530424157,First,False,True,False,False,True,False,False,True,False,False,True,True,False,False,True,False,False,1,True,False,False,False
1,3,1,-1.0806283010539708,1,0,-0.38914292868708694,Third,False,False,True,False,False,True,False,False,True,False,False,False,False,True,False,False,True,2,False,False,False,False
1,2,0,-2.116244459697547,1,1,-0.3068178261851174,Second,False,False,True,False,False,False,False,True,False,False,True,False,True,False,False,True,False,3,False,False,False,False
0,3,0,-0.49594733639986993,0,0,-0.5156259298773191,Third,True,True,False,True,False,False,False,True,False,False,True,False,False,True,False,False,True,1,False,False,False,False
0,3,0,-0.861372939308683,0,0,-0.5070825780696515,Third,True,True,False,True,False,False,False,True,False,False,True,False,False,True,False,False,True,1,False,False,False,False
1,1,1,0.6734145929083317,1,1,0.9275087019301596,First,False,False,False,False,True,True,False,False,True,False,False,True,False,False,True,False,False,3,True,False,False,False
0,3,0,-0.6421175775633952,0,0,-0.5001355950497335,Third,True,True,False,True,False,False,False,True,False,False,True,False,False,True,False,False,True,1,False,False,False,False
1,1,0,-0.012521477578764014,0,0,-0.09697102875586863,First,True,True,False,True,False,True,False,False,True,False,False,True,False,False,True,False,False,1,False,False,False,False
0,3,0,-0.7152026981451577,0,0,-0.5142691122281875,Third,True,True,False,True,False,False,False,True,False,False,True,False,False,True,False,False,True,1,False,False,False,False
0,2,0,-1.0075431804722081,0,0,-0.46492157767290754,Second,True,True,False,True,False,False,False,True,False,False,True,False,True,False,False,True,False,1,False,False,False,False
1,1,1,0.01564850767246832,0,0,-0.07205771033961077,First,False,True,False,False,True,True,False,False,True,False,False,True,False,False,True,False,False,1,True,False,False,False
0,3,0,0.34453155029040006,0,0,-0.5427756977237133,Third,True,True,False,True,False,True,False,False,True,False,False,False,False,True,False,False,True,1,True,False,False,False
0,3,0,0.8926699546536195,0,0,-0.5214556463867234,Third,True,True,False,True,False,False,False,True,False,False,True,False,False,True,False,False,True,1,True,False,False,False
0,3,0,0.3810741105812813,0,0,-0.5148287036879988,Third,True,True,False,True,False,True,False,False,True,False,False,False,False,True,False,False,True,1,True,False,False,False
0,2,0,-0.1305217334910569,0,1,-0.03372952816075255,Second,True,False,False,True,False,False,False,True,False,False,True,False,True,False,False,True,False,2,False,False,False,False
1,1,1,-0.012521477578764014,1,0,1.0414564711387964,First,False,False,False,False,True,True,False,False,True,False,False,True,False,False,True,False,False,2,False,False,False,False
0,3,0,-1.8845646274533594,4,2,-0.0667875852900178,Third,False,False,True,False,False,False,False,True,False,False,True,False,False,True,False,False,True,7,False,False,False,False
0,3,0,3.2313938132700226,0,0,-0.5171437258916018,Third,True,True,False,True,False,False,False,True,False,False,True,False,False,True,False,False,True,1,True,False,False,False
0,3,1,-1.5191390245445464,1,1,-0.3739726341806949,Third,False,False,True,False,False,True,False,False,True,False,False,False,False,True,False,False,True,3,False,False,False,False
1,1,1,-1.0075431804722081,0,1,0.08892065481159372,First,False,False,False,False,True,False,False,True,False,False,True,True,False,False,True,False,False,2,False,False,False,False
0,2,1,1.0388401958171447,1,0,-0.16787816578675632,Second,False,False,False,False,True,False,False,True,False,False,True,False,True,False,False,True,False,2,True,False,False,False
1,3,1,-0.861372939308683,0,1,-0.486960282425751,Third,False,False,False,False,True,False,False,True,False,False,True,False,False,True,False,False,True,2,False,False,False,False
1,1,1,1.1119253163989073,1,1,2.493375922301669,First,False,False,False,False,True,False,False,True,False,False,True,True,False,False,True,False,False,3,True,False,False,False
1,1,0,1.550436039889483,0,0,-0.1573379156875703,First,True,True,False,True,False,False,False,True,False,False,True,True,False,False,True,False,False,1,True,False,False,False
1,3,1,-0.4228622158181073,0,3,-0.2970767186843606,Third,False,False,False,False,True,True,False,False,True,False,False,False,False,True,False,False,True,4,False,False,False,False
0,3,0,0.819584834071857,2,0,-0.3957717877949205,Third,True,False,False,True,False,False,False,True,False,False,True,False,False,True,False,False,True,3,True,False,False,False
0,2,0,-0.6421175775633952,1,0,-0.4457574865834784,Second,True,False,False,True,False,False,False,True,False,False,True,False,True,False,False,True,False,2,False,False,False,False
1,1,1,1.3311806781441953,0,0,-0.1692349834358879,First,False,True,False,False,True,False,False,True,False,False,True,True,False,False,True,False,False,1,True,False,False,False
0,2,0,-0.4228622158181073,0,0,-0.41701134994933475,Second,True,True,False,True,False,False,False,True,False,False,True,False,True,False,False,True,False,1,False,False,False,False
1,2,1,0.8926699546536195,0,0,-0.41701134994933475,Second,False,True,False,False,True,False,False,True,False,False,True,False,True,False,False,True,False,1,True,False,False,False
1,2,1,-0.2036068540728195,1,0,-0.40056281056727777,Second,False,False,False,False,True,True,False,False,True,False,False,False,True,False,False,True,False,2,False,False,False,False
0,1,0,0.08873362825423092,0,0,0.3015615767216813,First,True,True,False,True,False,False,False,True,False,False,True,True,False,False,True,False,False,1,True,False,False,False
0,3,0,-0.012521477578764014,0,0,-0.48408566876233666,Third,True,True,False,True,False,False,False,True,False,False,True,False,False,True,False,False,True,1,False,False,False,False
1,3,0,-1.8845646274533594,1,1,-0.45278495878597214,Third,False,False,True,False,False,False,False,True,False,False,True,False,False,True,False,False,True,3,False,False,False,False
1,1,1,1.2580955575624326,1,1,0.34100894182016217,First,False,False,False,False,True,False,False,True,False,False,True,True,False,False,True,False,False,3,True,False,False,False
0,1,0,0.23490386941775612,0,0,-0.5703240786647676,First,True,True,False,True,False,False,False,True,False,False,True,True,False,False,True,False,False,1,True,False,False,False
0,3,0,1.2580955575624326,0,0,-0.4936677143070512,Third,True,True,False,True,False,False,False,True,False,False,True,False,False,True,False,False,True,1,True,False,False,False
1,2,1,-0.1305217334910569,1,0,-0.20620634796561454,Second,False,False,False,False,True,True,False,False,True,False,False,False,True,False,False,True,False,2,False,False,False,False
1,3,1,-1.0806283010539708,0,0,-0.5276839759907879,Third,False,True,True,False,False,True,False,False,True,False,False,False,False,True,False,False,True,1,False,False,False,False
0,3,0,-0.7152026981451577,0,0,-0.47745872606361206,Third,True,True,False,True,False,False,False,True,False,False,True,False,False,True,False,False,True,1,False,False,False,False
1,1,1,1.915861642798296,0,1,0.9275087019301596,First,False,False,False,False,True,True,False,False,True,False,False,True,False,False,True,False,False,2,True,False,False,False
1,2,1,-0.3497770952363447,0,1,-0.16787816578675632,Second,False,False,False,False,True,False,False,True,False,False,True,False,True,False,False,True,False,2,False,False,False,False
0,3,0,0.23490386941775612,0,0,-0.5148287036879988,Third,True,True,False,True,False,False,False,True,False,False,True,False,False,True,False,False,True,1,True,False,False,False
0,3,1,-0.5690324569816325,0,0,-0.46460153735171406,Third,False,True,False,False,True,False,False,True,False,False,True,False,False,True,False,False,True,1,False,False,False,False
0,2,0,-0.1305217334910569,0,0,-0.46492157767290754,Second,True,True,False,True,False,False,False,True,False,False,True,False,True,False,False,True,False,1,False,False,False,False
0,3,1,0.6734145929083317,0,5,-0.10799038113229036,Third,False,False,False,False,True,False,True,False,False,True,False,False,False,True,False,False,True,6,True,False,False,False
1,1,1,-0.7882878187269203,0,0,-0.09122180142903988,First,False,True,False,False,True,False,False,True,False,False,True,True,False,False,True,False,False,1,False,False,False,False
0,3,1,-0.012521477578764014,1,2,-0.21674659806480057,Third,False,False,False,False,True,False,False,True,False,False,True,False,False,True,False,False,True,4,False,False,False,False
1,1,0,-0.2766919746545821,0,0,-0.09122180142903988,First,True,True,False,True,False,True,False,False,True,False,False,True,False,False,True,False,False,1,False,False,False,False
0,3,0,0.16181874883599354,0,0,-0.5176228281688375,Third,True,True,False,True,False,False,True,False,False,True,False,False,False,True,False,False,True,1,True,False,False,False
